release_version,occupation_soc_code,occupation_name,canonical_task_id,canonical_task_name,jurisdiction_scope,language_scope,collection_status,live_product_design_assessment_count,live_distinct_product_count,provisional_eligible_product_count,provisional_product_design_assessment_count,search_run_count,completed_source_family_count,source_families,unresolved_candidate_count,high_salience_unresolved_count,holdout_recall,cold_challenge_result,saturation_status,coverage_claim,major_limitations,next_required_work,release_mapped_product_count,release_mapped_company_count,release_product_design_assessment_count,release_numeric_design_assessment_count,release_non_numeric_design_assessment_count,release_design_pending_assessment_count,release_rated_with_ie_assessment_count,release_numeric_design_product_count,release_coded_design_product_count,release_design_coding_status,release_discovery_hit_count,release_search_run_count,release_eligible_discovery_hit_count,release_excluded_discovery_hit_count,release_duplicate_discovery_hit_count,release_unresolved_discovery_hit_count,release_pending_discovery_hit_count
working_initial_release,13-2011.00,Accountants and Auditors,ACC-01,"Maintain accounting records, systems, and financial reports",US first wave; separately documented foreign calibration rows may exist,English,active_search,4,4,90,0,0,0,,1,1,not_run,not_run,not_saturated,No comprehensive current-product claim; counts reflect live calibration rows and explicitly labeled provisional staging only.,"1 QuickBooks, Sage Intacct, NetSuite, Microsoft AppSource, and SAP panels are not exhausted to an accessible complete end; 2 public-web query-source cells remain partial; 5 four independently completed source families are not demonstrated; 6 high-salience U.S.-availability candidate remains unresolved; 7 no independent blinded holdout with >=95% recall; 8 latest expanded round found material omissions or two clean low-yield rounds have not been completed; 9 cold independent ordered first-50 challenge not run; 10 final overlap and marginal-yield analysis is incomplete","Finish marketplace/source panels, challenge omissions, reconcile global identities, then code every mapped product configuration.",90,87,90,44,46,0,46,44,90,complete_for_current_inventory,932,31,88,99,10,735,0
working_initial_release,13-2011.00,Accountants and Auditors,ACC-02,Conduct and report audit or assurance engagements,US first wave; separately documented foreign calibration rows may exist,English,active_search,6,6,33,0,0,0,,1,1,not_run,not_run,not_saturated,No comprehensive current-product claim; counts reflect live calibration rows and explicitly labeled provisional staging only.,"1 QuickBooks, Sage Intacct, NetSuite, Microsoft AppSource, and SAP panels are not exhausted to an accessible complete end; 2 public-web query-source cells remain partial; 5 four independently completed source families are not demonstrated; 6 high-salience U.S.-availability candidate remains unresolved; 7 no independent blinded holdout with >=95% recall; 8 latest expanded round found material omissions or two clean low-yield rounds have not been completed; 9 cold independent ordered first-50 challenge not run; 10 final overlap and marginal-yield analysis is incomplete","Finish marketplace/source panels, challenge omissions, reconcile global identities, then code every mapped product configuration.",33,31,33,33,0,0,0,33,33,complete_for_current_inventory,109,26,31,10,6,62,0
working_initial_release,13-2011.00,Accountants and Auditors,ACC-03,"Provide financial planning, analysis, and decision support",US first wave; separately documented foreign calibration rows may exist,English,active_search,4,4,79,0,0,0,,1,1,not_run,not_run,not_saturated,No comprehensive current-product claim; counts reflect live calibration rows and explicitly labeled provisional staging only.,"1 QuickBooks, Sage Intacct, NetSuite, Microsoft AppSource, and SAP panels are not exhausted to an accessible complete end; 2 public-web query-source cells remain partial; 5 four independently completed source families are not demonstrated; 6 high-salience U.S.-availability candidate remains unresolved; 7 no independent blinded holdout with >=95% recall; 8 latest expanded round found material omissions or two clean low-yield rounds have not been completed; 9 cold independent ordered first-50 challenge not run; 10 final overlap and marginal-yield analysis is incomplete","Finish marketplace/source panels, challenge omissions, reconcile global identities, then code every mapped product configuration.",79,74,79,74,5,0,5,74,79,complete_for_current_inventory,301,29,73,16,11,201,0
working_initial_release,13-2011.00,Accountants and Auditors,ACC-04,Determine and document tax liabilities and filings,US first wave; separately documented foreign calibration rows may exist,English,active_search,3,3,41,0,0,0,,0,0,not_run,not_run,not_saturated,No comprehensive current-product claim; counts reflect live calibration rows and explicitly labeled provisional staging only.,"1 QuickBooks, Sage Intacct, NetSuite, Microsoft AppSource, and SAP panels are not exhausted to an accessible complete end; 2 public-web query-source cells remain partial; 5 four independently completed source families are not demonstrated; 7 no independent blinded holdout with >=95% recall; 8 latest expanded round found material omissions or two clean low-yield rounds have not been completed; 9 cold independent ordered first-50 challenge not run; 10 final overlap and marginal-yield analysis is incomplete","Finish marketplace/source panels, challenge omissions, reconcile global identities, then code every mapped product configuration.",40,30,41,37,4,0,4,36,40,complete_for_current_inventory,77,25,40,7,6,24,0
working_initial_release,15-1252.00,Software Developers,SWD-01,Deliver and sustain a software system or change,US first wave; separately documented foreign calibration rows may exist,English,frozen_lower_bound_not_saturated,6,6,1777,1777,,,,5149,0,FAIL; accepted-only recall 73/97; strict logged recall 77/97; 20 high-salience misses; valid_for_stopping=TRUE,FAIL; strict logged 41/50; 9 eligible high-salience misses; valid_for_stopping=TRUE,not_saturated,"Frozen, verified software-product lower bound only; the inventory is not saturated and is not comprehensive.","Mandatory structured panels and four completed independent discovery families are not demonstrated.|The clean outcome-blind holdout and cold first-50 challenges failed; post-remediation reuse is invalid for stopping.|Both post-resolution rounds added products, resetting the Rule 8 clean-round counter to zero.|Newly admitted products are IE at all AIDA stages until direct stage-authority and human-gate documentation is adjudicated.",Continue independent discovery and stopping-rule work. Failed stopping rules: R1|R5|R7|R8|R9,1767,1695,1777,340,1437,0,1437,340,1767,complete_for_current_inventory,16641,316,333,1452,240,130,13074
working_initial_release,29-1224.00,Radiologists,RAD-01,Evaluate patients through diagnostic imaging and communicate findings,US first wave; separately documented foreign calibration rows may exist,English,active_search,9,9,65,9,1,1,company_archive,,,blinded review completed for the 64-candidate P1 multisource tier; no census-level recall estimate yet,not_run,not_saturated,No comprehensive current-product claim; counts reflect live calibration rows and explicitly labeled provisional staging only.,"The multisource tier and its persistent-product identities are adjudicated, but one-panel candidates, unmatched directories, and exhibitor company leads remain unverified long-tail discovery evidence.","Investigate 4 evidence-unresolved candidates, verify the one-panel and company-lead long tail, then complete design coding and census-level stopping tests.",65,39,65,65,0,0,0,65,65,complete_for_current_inventory,37,10,8,1,0,28,0
working_initial_release,29-1224.00,Radiologists,RAD-02,Plan and perform image-guided procedures and manage procedural care,US first wave; separately documented foreign calibration rows may exist,English,active_search,2,2,2,2,0,0,,,0,blinded review completed for the 64-candidate P1 multisource tier; no census-level recall estimate yet,not_run,not_saturated,No comprehensive current-product claim; counts reflect live calibration rows and explicitly labeled provisional staging only.,"The multisource tier and its persistent-product identities are adjudicated, but one-panel candidates, unmatched directories, and exhibitor company leads remain unverified long-tail discovery evidence.","Investigate 4 evidence-unresolved candidates, verify the one-panel and company-lead long tail, then complete design coding and census-level stopping tests.",2,2,2,2,0,0,0,2,2,complete_for_current_inventory,23,7,2,0,0,21,0
working_initial_release,29-1224.00,Radiologists,RAD-03,Plan and deliver nuclear medicine diagnosis or therapy,US first wave; separately documented foreign calibration rows may exist,English,active_search,3,3,3,3,1,1,company_archive,,0,blinded review completed for the 64-candidate P1 multisource tier; no census-level recall estimate yet,not_run,not_saturated,No comprehensive current-product claim; counts reflect live calibration rows and explicitly labeled provisional staging only.,"The multisource tier and its persistent-product identities are adjudicated, but one-panel candidates, unmatched directories, and exhibitor company leads remain unverified long-tail discovery evidence.","Investigate 4 evidence-unresolved candidates, verify the one-panel and company-lead long tail, then complete design coding and census-level stopping tests.",3,3,3,3,0,0,0,3,3,complete_for_current_inventory,13,9,2,1,0,10,0
working_initial_release,47-2031.00,Carpenters,CAN-47-2031-01,Plan and coordinate project work,US first wave; separately documented foreign calibration rows may exist,English,active_search,4,4,5,0,17,6,application_marketplace|cloud_marketplace|incumbent_provider_archive|industry_awards|industry_ecosystem|web_query_matrix,0,0,not_estimated,not_run,not_saturated,No comprehensive current-product claim; counts reflect live calibration rows and explicitly labeled provisional staging only.,Structured marketplace/exhibitor panels not enumerated to an accessible end; independent holdout and cold-start challenge not completed; unresolved high-salience leads remain.,"Complete panel end-enumeration where accessible, resolve high-salience leads, run independent holdout and cold-start challenge, then assess stopping rules. Then complete independently reviewed product-design coding.",7,6,8,8,0,0,0,7,7,complete_for_current_inventory,11,17,9,1,1,0,0
working_initial_release,47-2031.00,Carpenters,CAN-47-2031-02,"Construct, install, and restore permanent components",US first wave; separately documented foreign calibration rows may exist,English,active_search,2,2,1,0,17,6,application_marketplace|cloud_marketplace|incumbent_provider_archive|industry_awards|industry_ecosystem|web_query_matrix,1,1,not_estimated,not_run,not_saturated,No comprehensive current-product claim; counts reflect live calibration rows and explicitly labeled provisional staging only.,Structured marketplace/exhibitor panels not enumerated to an accessible end; independent holdout and cold-start challenge not completed; unresolved high-salience leads remain.,"Complete panel end-enumeration where accessible, resolve high-salience leads, run independent holdout and cold-start challenge, then assess stopping rules. Then complete independently reviewed product-design coding.",2,2,2,2,0,0,0,2,2,complete_for_current_inventory,6,17,2,2,1,1,0
working_initial_release,47-2031.00,Carpenters,CAN-47-2031-03,Build temporary structures and site supports,US first wave; separately documented foreign calibration rows may exist,English,active_search,0,0,0,0,17,6,application_marketplace|cloud_marketplace|incumbent_provider_archive|industry_awards|industry_ecosystem|web_query_matrix,1,1,not_estimated,not_run,not_saturated,No comprehensive current-product claim; counts reflect live calibration rows and explicitly labeled provisional staging only.,Structured marketplace/exhibitor panels not enumerated to an accessible end; independent holdout and cold-start challenge not completed; unresolved high-salience leads remain.,"Complete panel end-enumeration where accessible, resolve high-salience leads, run independent holdout and cold-start challenge, then assess stopping rules. Then complete independently reviewed product-design coding.",0,0,0,0,0,0,0,0,0,not_applicable_no_products_found,2,17,0,1,0,1,0
working_initial_release,47-2031.00,Carpenters,CAN-47-2031-04,Complete surfaces and interior finishes,US first wave; separately documented foreign calibration rows may exist,English,active_search,2,2,1,0,17,6,application_marketplace|cloud_marketplace|incumbent_provider_archive|industry_awards|industry_ecosystem|web_query_matrix,2,2,not_estimated,not_run,not_saturated,No comprehensive current-product claim; counts reflect live calibration rows and explicitly labeled provisional staging only.,Structured marketplace/exhibitor panels not enumerated to an accessible end; independent holdout and cold-start challenge not completed; unresolved high-salience leads remain.,"Complete panel end-enumeration where accessible, resolve high-salience leads, run independent holdout and cold-start challenge, then assess stopping rules. Then complete independently reviewed product-design coding.",2,2,2,2,0,0,0,2,2,complete_for_current_inventory,8,17,2,2,1,3,0
working_initial_release,53-3032.00,Heavy and Tractor-Trailer Truck Drivers,TRK-01,Transport and deliver freight by heavy truck,US first wave; separately documented foreign calibration rows may exist,English,active_search,6,6,9,0,17,6,application_marketplace|cloud_marketplace|incumbent_provider_archive|industry_ecosystem|public_regulatory_and_deployment|web_query_matrix,5,5,not_estimated,not_run,not_saturated,No comprehensive current-product claim; counts reflect live calibration rows and explicitly labeled provisional staging only.,Structured marketplace/exhibitor panels not enumerated to an accessible end; independent holdout and cold-start challenge not completed; unresolved high-salience leads remain.,"Complete panel end-enumeration where accessible, resolve high-salience leads, run independent holdout and cold-start challenge, then assess stopping rules. Then complete independently reviewed product-design coding.",12,10,13,13,0,0,0,12,12,complete_for_current_inventory,24,17,15,2,1,6,0
working_initial_release,11-1021.00,General and Operations Managers,CAN-11-1021-01,Direct and coordinate organizational strategy and operations,US first wave; separately documented foreign calibration rows may exist,English,active_search,3,3,15,0,18,7,application_marketplace|broad_product_source|challenge_panel|cloud_marketplace|incumbent_provider_archive|professional_ecosystem|web_query_matrix,2,2,not_estimated,not_run,not_saturated,No comprehensive current-product claim; counts reflect live calibration rows and explicitly labeled provisional staging only.,Structured marketplace/exhibitor panels not enumerated to an accessible end; independent holdout and cold-start challenge not completed; unresolved high-salience leads remain.,"Complete panel end-enumeration where accessible, resolve high-salience leads, run independent holdout and cold-start challenge, then assess stopping rules. Then complete independently reviewed product-design coding.",17,17,17,17,0,0,0,17,17,complete_for_current_inventory,20,21,15,2,1,2,0
working_initial_release,13-1071.00,Human Resources Specialists,CAN-13-1071-01,"Administer recruitment, credentialing, and the employment relationship",US first wave; separately documented foreign calibration rows may exist,English,active_search,3,3,22,0,19,6,application_marketplace|broad_product_source|cloud_marketplace|incumbent_provider_archive|industry_ecosystem|web_query_matrix,1,1,not_estimated,not_run,not_saturated,No comprehensive current-product claim; counts reflect live calibration rows and explicitly labeled provisional staging only.,Structured marketplace/exhibitor panels not enumerated to an accessible end; independent holdout and cold-start challenge not completed; unresolved high-salience leads remain.,"Complete panel end-enumeration where accessible, resolve high-salience leads, run independent holdout and cold-start challenge, then assess stopping rules. Then complete independently reviewed product-design coding.",22,22,23,23,0,0,0,22,22,complete_for_current_inventory,24,22,22,0,1,1,0
working_initial_release,15-1212.00,Information Security Analysts,CAN-15-1212-01,Safeguard information systems and data,US first wave; separately documented foreign calibration rows may exist,English,active_search,3,3,14,0,7,7,cloud_marketplace;competitor_and_integration_snowball;independent_deployment;industry_registry;open_source_repository;professional_conference;public_web_query_matrix,1,0,not_run,not_completed,not_saturated,No comprehensive current-product claim; counts reflect live calibration rows and explicitly labeled provisional staging only.,"Dynamic and authenticated catalogs were only partially accessible; English and U.S. availability scope; embedded, regional, renamed, and white-label products may be missed; no independent recall estimate.","Resolve high-salience leads, decompose major incumbent suites, enumerate accessible panel updates, run blinded holdout and cold challenge, and complete two low-yield rounds before design coding.",14,14,14,14,0,0,0,14,14,complete_for_current_inventory,15,9,14,0,0,1,0
working_initial_release,17-2051.00,Civil Engineers,CAN-17-2051-01,"Plan, design, and oversee civil engineering projects",US first wave; separately documented foreign calibration rows may exist,English,active_search,4,4,13,0,7,7,cloud_marketplace;competitor_and_integration_snowball;independent_deployment;industry_registry;open_source_repository;professional_conference;public_web_query_matrix,1,1,not_run,not_completed,not_saturated,No comprehensive current-product claim; counts reflect live calibration rows and explicitly labeled provisional staging only.,"Dynamic and authenticated catalogs were only partially accessible; English and U.S. availability scope; embedded, regional, renamed, and white-label products may be missed; no independent recall estimate.","Resolve high-salience leads, decompose major incumbent suites, enumerate accessible panel updates, run blinded holdout and cold challenge, and complete two low-yield rounds before design coding.",13,13,13,13,0,0,0,13,13,complete_for_current_inventory,14,10,13,0,0,1,0
working_initial_release,19-2041.00,"Environmental Scientists and Specialists, Including Health",CAN-19-2041-01,Investigate and address environmental hazards and impacts,US first wave; separately documented foreign calibration rows may exist,English,active_search,2,2,12,0,7,7,cloud_marketplace;competitor_and_integration_snowball;independent_deployment;industry_registry;open_source_repository;professional_conference;public_web_query_matrix,2,2,not_run,not_completed,not_saturated,No comprehensive current-product claim; counts reflect live calibration rows and explicitly labeled provisional staging only.,"Dynamic and authenticated catalogs were only partially accessible; English and U.S. availability scope; embedded, regional, renamed, and white-label products may be missed; no independent recall estimate.","Resolve high-salience leads, decompose major incumbent suites, enumerate accessible panel updates, run blinded holdout and cold challenge, and complete two low-yield rounds before design coding.",12,12,12,12,0,0,0,12,12,complete_for_current_inventory,14,9,12,0,0,2,0
working_initial_release,19-2041.00,"Environmental Scientists and Specialists, Including Health",CAN-19-2041-02,Evaluate and administer environmental compliance and permitting,US first wave; separately documented foreign calibration rows may exist,English,active_search,3,3,7,0,7,7,cloud_marketplace;competitor_and_integration_snowball;independent_deployment;industry_registry;open_source_repository;professional_conference;public_web_query_matrix,1,1,not_run,not_completed,not_saturated,No comprehensive current-product claim; counts reflect live calibration rows and explicitly labeled provisional staging only.,"Dynamic and authenticated catalogs were only partially accessible; English and U.S. availability scope; embedded, regional, renamed, and white-label products may be missed; no independent recall estimate.","Resolve high-salience leads, decompose major incumbent suites, enumerate accessible panel updates, run blinded holdout and cold challenge, and complete two low-yield rounds before design coding.",7,7,7,7,0,0,0,7,7,complete_for_current_inventory,8,10,7,0,0,1,0
working_initial_release,21-1023.00,Mental Health and Substance Abuse Social Workers,CAN-21-1023-01,"Assess, treat, and coordinate recovery support for clients",US first wave; separately documented foreign calibration rows may exist,English,active_search,4,4,15,0,6,6,frozen_public_web_matrix|marketplace_procurement|official_deployment_customer|professional_association_conference|snowball_incumbent_archive|structured_product_directory,5,5,not_run,not_completed,not_saturated,No comprehensive current-product claim; counts reflect live calibration rows and explicitly labeled provisional staging only.,"Panels not enumerated to end; no independent holdout or recall estimate; no cold challenge; no two consecutive low-yield rounds; long-tail, regional, embedded, and product-lineage candidates remain open; high-salience unresolveds remain.","Resolve high-salience leads, enumerate mandatory panels, run a blinded holdout and cold challenge, complete two clean low-yield rounds, then code product design.",15,13,15,15,0,0,0,15,15,complete_for_current_inventory,20,9,14,1,0,5,0
working_initial_release,21-1023.00,Mental Health and Substance Abuse Social Workers,CAN-21-1023-02,"Develop community prevention, policy, and service programs",US first wave; separately documented foreign calibration rows may exist,English,active_search,1,1,6,0,6,6,frozen_public_web_matrix|marketplace_procurement|official_deployment_customer|professional_association_conference|snowball_incumbent_archive|structured_product_directory,2,2,not_run,not_completed,not_saturated,No comprehensive current-product claim; counts reflect live calibration rows and explicitly labeled provisional staging only.,"Panels not enumerated to end; no independent holdout or recall estimate; no cold challenge; no two consecutive low-yield rounds; long-tail, regional, embedded, and product-lineage candidates remain open; high-salience unresolveds remain.","Resolve high-salience leads, enumerate mandatory panels, run a blinded holdout and cold challenge, complete two clean low-yield rounds, then code product design.",7,7,7,7,0,0,0,7,7,complete_for_current_inventory,8,8,6,0,0,2,0
working_initial_release,23-1011.00,Lawyers,CAN-23-1011-01,Analyze legal issues and advise clients,US first wave; separately documented foreign calibration rows may exist,English,active_search,4,4,14,0,6,6,broad_product_directory|broad_structured_directory|incumbent_provider_archive|industry_ecosystem|industry_landscape|official_exact_product_verification,3,3,not_run,not_completed,not_saturated,No comprehensive current-product claim; counts reflect live calibration rows and explicitly labeled provisional staging only.,"Panels not enumerated to end; Stanford parsing incomplete; no independent holdout or recall estimate; no cold challenge; no two consecutive low-yield rounds; long-tail, regional, embedded, marketplace, and lineage candidates remain open; high-salience unresolveds remain.","Finish queued and incompletely enumerated panels, resolve high-salience leads, run the blinded holdout and cold challenge, complete two clean low-yield rounds, then code product design.",14,14,14,14,0,0,0,14,14,complete_for_current_inventory,18,12,14,1,0,3,0
working_initial_release,23-1011.00,Lawyers,CAN-23-1011-02,Develop and advocate cases in disputes and legal proceedings,US first wave; separately documented foreign calibration rows may exist,English,active_search,3,3,14,0,6,6,broad_product_directory|broad_structured_directory|incumbent_provider_archive|industry_ecosystem|industry_landscape|official_exact_product_verification,0,0,not_run,not_completed,not_saturated,No comprehensive current-product claim; counts reflect live calibration rows and explicitly labeled provisional staging only.,"Panels not enumerated to end; Stanford parsing incomplete; no independent holdout or recall estimate; no cold challenge; no two consecutive low-yield rounds; long-tail, regional, embedded, marketplace, and lineage candidates remain open; high-salience unresolveds remain.","Finish queued and incompletely enumerated panels, resolve high-salience leads, run the blinded holdout and cold challenge, complete two clean low-yield rounds, then code product design.",14,14,14,14,0,0,0,14,14,complete_for_current_inventory,14,8,14,0,0,0,0
working_initial_release,23-1011.00,Lawyers,CAN-23-1011-03,Develop legislation and enforcement frameworks,US first wave; separately documented foreign calibration rows may exist,English,active_search,2,2,6,0,6,6,broad_product_directory|broad_structured_directory|incumbent_provider_archive|industry_ecosystem|industry_landscape|official_exact_product_verification,0,0,not_run,not_completed,not_saturated,No comprehensive current-product claim; counts reflect live calibration rows and explicitly labeled provisional staging only.,"Panels not enumerated to end; Stanford parsing incomplete; no independent holdout or recall estimate; no cold challenge; no two consecutive low-yield rounds; long-tail, regional, embedded, marketplace, and lineage candidates remain open; high-salience unresolveds remain.","Finish queued and incompletely enumerated panels, resolve high-salience leads, run the blinded holdout and cold challenge, complete two clean low-yield rounds, then code product design.",6,6,7,6,1,0,1,5,6,complete_for_current_inventory,6,8,6,0,0,0,0
working_initial_release,23-1011.00,Lawyers,CAN-23-1011-04,"Structure and administer legal transactions, instruments, estates, and fiduciary matters",US first wave; separately documented foreign calibration rows may exist,English,active_search,6,6,25,0,6,6,broad_product_directory|broad_structured_directory|incumbent_provider_archive|industry_ecosystem|industry_landscape|official_exact_product_verification,0,0,not_run,not_completed,not_saturated,No comprehensive current-product claim; counts reflect live calibration rows and explicitly labeled provisional staging only.,"Panels not enumerated to end; Stanford parsing incomplete; no independent holdout or recall estimate; no cold challenge; no two consecutive low-yield rounds; long-tail, regional, embedded, marketplace, and lineage candidates remain open; high-salience unresolveds remain.","Finish queued and incompletely enumerated panels, resolve high-salience leads, run the blinded holdout and cold challenge, complete two clean low-yield rounds, then code product design.",25,25,25,25,0,0,0,25,25,complete_for_current_inventory,25,12,25,0,0,0,0
working_initial_release,25-2021.00,"Elementary School Teachers, Except Special Education",CAN-25-2021-01,Teach and support elementary students,US first wave; separately documented foreign calibration rows may exist,English,active_search,3,3,23,0,6,6,frozen_public_web_matrix|marketplace_procurement|official_deployment_customer|professional_association_conference|snowball_incumbent_archive|structured_product_directory,1,1,not_run,not_completed,not_saturated,No comprehensive current-product claim; counts reflect live calibration rows and explicitly labeled provisional staging only.,"Panels not enumerated to end; no independent holdout or recall estimate; no cold challenge; no two consecutive low-yield rounds; long-tail, regional, embedded, and product-lineage candidates remain open; high-salience unresolveds remain.","Resolve high-salience leads, enumerate mandatory panels, run a blinded holdout and cold challenge, complete two clean low-yield rounds, then code product design.",23,23,23,23,0,0,0,23,23,complete_for_current_inventory,26,9,23,1,1,1,0
working_initial_release,27-1024.00,Graphic Designers,CAN-27-1024-01,Deliver visual communication designs and production-ready content,US first wave; separately documented foreign calibration rows may exist,English,active_search,4,4,19,0,7,5,application_marketplace|broad_product_source|official_exact_product_verification|software_review_directory|web_query_matrix,0,0,not_run,not_completed,not_saturated,No comprehensive current-product claim; counts reflect live calibration rows and explicitly labeled provisional staging only.,"Panels not enumerated to end; Stanford parsing incomplete; no independent holdout or recall estimate; no cold challenge; no two consecutive low-yield rounds; long-tail, regional, embedded, marketplace, and lineage candidates remain open; high-salience unresolveds remain.","Finish queued and incompletely enumerated panels, resolve high-salience leads, run the blinded holdout and cold challenge, complete two clean low-yield rounds, then code product design.",19,17,19,19,0,0,0,19,19,complete_for_current_inventory,22,11,19,1,2,0,0
working_initial_release,29-1141.00,Registered Nurses,CAN-29-1141-01,Provide and sustain nursing care and health improvement,US first wave; separately documented foreign calibration rows may exist,English,active_search,5,5,12,0,5,5,independent_deployment;professional_association_web;provider_marketplace;public_web_query_matrix;structured_regulatory,3,,not_run,not_completed,not_saturated,No comprehensive current-product claim; counts reflect live calibration rows and explicitly labeled provisional staging only.,Directories and marketplaces are not fully enumerated; English and U.S. availability only; high-salience classification and independent stopping tests remain incomplete.,"Classify and resolve high-salience leads, enumerate remaining panels, run a blinded holdout and cold challenge, complete two low-yield rounds, then begin product-design coding.",12,12,12,12,0,0,0,12,12,complete_for_current_inventory,15,11,12,0,0,3,0
working_initial_release,29-2042.00,Emergency Medical Technicians,CAN-29-2042-01,Provide end-to-end prehospital emergency response,US first wave; separately documented foreign calibration rows may exist,English,active_search,6,6,16,0,7,7,competitor_and_integration_snowball;independent_deployment;professional_association_web;provider_marketplace;public_web_query_matrix;structured_registry;structured_regulatory,3,2,not_run,not_completed,not_saturated,No comprehensive current-product claim; counts reflect live calibration rows and explicitly labeled provisional staging only.,Directories and marketplaces are not fully enumerated; English and U.S. availability only; embedded and regional products may be missed; no independent holdout or low-yield stopping test.,"Resolve high-salience candidates, enumerate remaining panels, run a blinded holdout and cold challenge, complete two low-yield rounds, then begin product-design coding.",16,16,16,16,0,0,0,16,16,complete_for_current_inventory,21,20,16,2,0,3,0
working_initial_release,31-1121.00,Home Health Aides,CAN-31-1121-01,Provide coordinated in-home health and daily-living support,US first wave; separately documented foreign calibration rows may exist,English,active_search,12,10,18,0,6,6,competitor_and_integration_snowball;government_and_public_health;independent_deployment;professional_association_web;provider_marketplace;public_web_query_matrix,6,3,not_run,not_completed,not_saturated,No comprehensive current-product claim; counts reflect live calibration rows and explicitly labeled provisional staging only.,Directories and marketplaces are not fully enumerated; English and U.S. availability only; embedded and regional products may be missed; no independent holdout or low-yield stopping test.,"Resolve high-salience candidates, enumerate remaining panels, run a blinded holdout and cold challenge, complete two low-yield rounds, then begin product-design coding.",18,18,18,17,1,0,1,17,18,complete_for_current_inventory,26,16,18,2,0,6,0
working_initial_release,33-3051.00,Police and Sheriff's Patrol Officers,CAN-33-3051-01,"Provide public safety, law enforcement, and justice-process services",US first wave; separately documented foreign calibration rows may exist,English,active_search,4,4,12,0,9,9,application_marketplace|broad_product_source|cloud_marketplace|incumbent_provider_archive|industry_ecosystem|official_exact_product_verification|public_sector_procurement_and_deployment|research_and_evaluation_registry|web_query_matrix,1,1,not_run,not_run,not_saturated,No comprehensive current-product claim; counts reflect live calibration rows and explicitly labeled provisional staging only.,"Panels not enumerated to end; no independent holdout or recall estimate; no cold challenge; no two consecutive low-yield rounds; long-tail, regional, embedded, marketplace, reseller, and product-lineage candidates remain open; high-salience unresolveds remain.","Enumerate planned panels to their accessible end, resolve high-salience leads, run independent holdout and cold challenge, complete two low-yield rounds, then code product design.",12,9,12,12,0,0,0,12,12,complete_for_current_inventory,15,16,12,2,0,1,0
working_initial_release,35-2014.00,"Cooks, Restaurant",CAN-35-2014-01,"Plan, prepare, cook, and release restaurant food",US first wave; separately documented foreign calibration rows may exist,English,active_search,6,6,6,0,9,9,application_marketplace|broad_product_source|cloud_marketplace|incumbent_provider_archive|industry_awards|industry_ecosystem|official_exact_product_verification|public_deployment_panel|web_query_matrix,0,0,not_run,not_run,not_saturated,No comprehensive current-product claim; counts reflect live calibration rows and explicitly labeled provisional staging only.,"Panels not enumerated to end; no independent holdout or recall estimate; no cold challenge; no two consecutive low-yield rounds; long-tail, regional, embedded, marketplace, reseller, and product-lineage candidates remain open; high-salience unresolveds remain.","Enumerate planned panels to their accessible end, resolve high-salience leads, run independent holdout and cold challenge, complete two low-yield rounds, then code product design.",6,5,6,6,0,0,0,6,6,complete_for_current_inventory,6,16,6,0,0,0,0
working_initial_release,37-2011.00,"Janitors and Cleaners, Except Maids and Housekeeping Cleaners",CAN-37-2011-01,"Keep buildings and grounds clean, orderly, safe, and functional",US first wave; separately documented foreign calibration rows may exist,English,active_search,15,15,17,0,8,8,application_marketplace|broad_product_source|cloud_marketplace|incumbent_provider_archive|industry_awards|industry_ecosystem|official_exact_product_verification|web_query_matrix,4,4,not_run,not_run,not_saturated,No comprehensive current-product claim; counts reflect live calibration rows and explicitly labeled provisional staging only.,"Panels not enumerated to end; no independent holdout or recall estimate; no cold challenge; no two consecutive low-yield rounds; long-tail, regional, embedded, marketplace, reseller, and product-lineage candidates remain open; high-salience unresolveds remain.","Enumerate planned panels to their accessible end, resolve high-salience leads, run independent holdout and cold challenge, complete two low-yield rounds, then code product design.",17,11,17,17,0,0,0,17,17,complete_for_current_inventory,22,17,17,1,0,4,0
working_initial_release,39-5012.00,"Hairdressers, Hairstylists, and Cosmetologists",CAN-39-5012-01,Provide and support hair and cosmetology services,US first wave; separately documented foreign calibration rows may exist,English,active_search,9,8,8,0,8,7,application_marketplace|broad_product_source|cloud_marketplace|incumbent_provider_archive|industry_ecosystem|official_exact_product_verification|web_query_matrix,2,2,not_run,not_run,not_saturated,No comprehensive current-product claim; counts reflect live calibration rows and explicitly labeled provisional staging only.,"Panels not enumerated to end; no independent holdout or recall estimate; no cold challenge; no two consecutive low-yield rounds; long-tail, regional, embedded, marketplace, reseller, and product-lineage candidates remain open; high-salience unresolveds remain.","Enumerate planned panels to their accessible end, resolve high-salience leads, run independent holdout and cold challenge, complete two low-yield rounds, then code product design.",8,8,8,8,0,0,0,8,8,complete_for_current_inventory,11,17,8,0,1,2,0
working_initial_release,41-2011.00,Cashiers,CAN-41-2011-01,Provide checkout and payment service,US first wave; separately documented foreign calibration rows may exist,English,active_search,5,5,6,0,10,8,application_marketplace|broad_product_source|cloud_marketplace|incumbent_provider_archive|industry_ecosystem|official_exact_product_verification|public_deployment_panel|web_query_matrix,2,2,not_run,not_run,not_saturated,No comprehensive current-product claim; counts reflect live calibration rows and explicitly labeled provisional staging only.,"Panels not enumerated to end; no independent holdout or recall estimate; no cold challenge; no two consecutive low-yield rounds; long-tail, regional, embedded, marketplace, reseller, and product-lineage candidates remain open; high-salience unresolveds remain.","Enumerate planned panels to their accessible end, resolve high-salience leads, run independent holdout and cold challenge, complete two low-yield rounds, then code product design.",6,6,6,6,0,0,0,6,6,complete_for_current_inventory,9,19,6,1,0,2,0
working_initial_release,41-2031.00,Retail Salespersons,CAN-41-2031-01,Sell merchandise and support customer purchases,US first wave; separately documented foreign calibration rows may exist,English,active_search,11,11,11,0,10,8,application_marketplace|broad_product_source|cloud_marketplace|incumbent_provider_archive|industry_ecosystem|official_exact_product_verification|public_deployment_panel|web_query_matrix,0,0,not_run,not_run,not_saturated,No comprehensive current-product claim; counts reflect live calibration rows and explicitly labeled provisional staging only.,"Panels not enumerated to end; no independent holdout or recall estimate; no cold challenge; no two consecutive low-yield rounds; long-tail, regional, embedded, marketplace, reseller, and product-lineage candidates remain open; high-salience unresolveds remain.","Enumerate planned panels to their accessible end, resolve high-salience leads, run independent holdout and cold challenge, complete two low-yield rounds, then code product design.",11,10,11,11,0,0,0,11,11,complete_for_current_inventory,11,17,11,0,0,0,0
working_initial_release,43-4051.00,Customer Service Representatives,CAN-43-4051-01,Provide and resolve customer service,US first wave; separately documented foreign calibration rows may exist,English,active_search,3,3,27,0,19,7,application_marketplace|broad_product_source|challenge_panel|cloud_marketplace|incumbent_provider_archive|industry_ecosystem|web_query_matrix,1,1,not_estimated,not_run,not_saturated,No comprehensive current-product claim; counts reflect live calibration rows and explicitly labeled provisional staging only.,Structured marketplace/exhibitor panels not enumerated to an accessible end; independent holdout and cold-start challenge not completed; unresolved high-salience leads remain.,"Complete panel end-enumeration where accessible, resolve high-salience leads, run independent holdout and cold-start challenge, then assess stopping rules. Then complete independently reviewed product-design coding.",27,26,27,27,0,0,0,27,27,complete_for_current_inventory,29,21,27,0,1,1,0
working_initial_release,43-6014.00,"Secretaries and Administrative Assistants, Except Legal, Medical, and Executive",CAN-43-6014-01,Provide coordinated office and administrative support,US first wave; separately documented foreign calibration rows may exist,English,active_search,3,3,24,0,18,5,application_marketplace|broad_product_source|cloud_marketplace|incumbent_provider_archive|web_query_matrix,1,1,not_estimated,not_run,not_saturated,No comprehensive current-product claim; counts reflect live calibration rows and explicitly labeled provisional staging only.,Structured marketplace/exhibitor panels not enumerated to an accessible end; independent holdout and cold-start challenge not completed; unresolved high-salience leads remain.,"Complete panel end-enumeration where accessible, resolve high-salience leads, run independent holdout and cold-start challenge, then assess stopping rules. Then complete independently reviewed product-design coding.",24,24,24,24,0,0,0,24,24,complete_for_current_inventory,27,21,24,1,1,1,0
working_initial_release,45-2092.00,"Farmworkers and Laborers, Crop, Nursery, and Greenhouse",CAN-45-2092-01,"Produce, harvest, and prepare crops and plants",US first wave; separately documented foreign calibration rows may exist,English,active_search,10,10,8,0,17,6,application_marketplace|cloud_marketplace|incumbent_provider_archive|industry_ecosystem|research_and_evaluation_registry|web_query_matrix,2,2,not_estimated,not_run,not_saturated,No comprehensive current-product claim; counts reflect live calibration rows and explicitly labeled provisional staging only.,Structured marketplace/exhibitor panels not enumerated to an accessible end; independent holdout and cold-start challenge not completed; unresolved high-salience leads remain.,"Complete panel end-enumeration where accessible, resolve high-salience leads, run independent holdout and cold-start challenge, then assess stopping rules. Then complete independently reviewed product-design coding.",13,10,14,14,0,0,0,13,13,complete_for_current_inventory,12,24,8,1,1,2,0
working_initial_release,47-2111.00,Electricians,CAN-47-2111-01,"Install, maintain, and repair electrical systems",US first wave; separately documented foreign calibration rows may exist,English,active_search,1,1,3,0,15,5,application_marketplace|cloud_marketplace|incumbent_provider_archive|industry_ecosystem|web_query_matrix,3,3,not_estimated,not_run,not_saturated,No comprehensive current-product claim; counts reflect live calibration rows and explicitly labeled provisional staging only.,Structured marketplace/exhibitor panels not enumerated to an accessible end; independent holdout and cold-start challenge not completed; unresolved high-salience leads remain.,"Complete panel end-enumeration where accessible, resolve high-salience leads, run independent holdout and cold-start challenge, then assess stopping rules. Then complete independently reviewed product-design coding.",3,3,3,3,0,0,0,3,3,complete_for_current_inventory,8,17,3,1,1,3,0
working_initial_release,49-3023.00,Automotive Service Technicians and Mechanics,CAN-49-3023-01,"Diagnose, maintain, and repair automotive vehicles",US first wave; separately documented foreign calibration rows may exist,English,active_search,9,9,6,0,16,6,application_marketplace|cloud_marketplace|incumbent_provider_archive|industry_ecosystem|research_and_evaluation_registry|web_query_matrix,1,1,not_estimated,not_run,not_saturated,No comprehensive current-product claim; counts reflect live calibration rows and explicitly labeled provisional staging only.,Structured marketplace/exhibitor panels not enumerated to an accessible end; independent holdout and cold-start challenge not completed; unresolved high-salience leads remain.,"Complete panel end-enumeration where accessible, resolve high-salience leads, run independent holdout and cold-start challenge, then assess stopping rules. Then complete independently reviewed product-design coding.",13,12,15,15,0,0,0,13,13,complete_for_current_inventory,8,23,6,0,1,1,0
working_initial_release,51-4041.00,Machinists,CAN-51-4041-01,Produce precision machined parts and instruments,US first wave; separately documented foreign calibration rows may exist,English,active_search,7,6,6,0,15,6,application_marketplace|cloud_marketplace|incumbent_provider_archive|industry_ecosystem|industry_program|web_query_matrix,0,0,not_estimated,not_run,not_saturated,No comprehensive current-product claim; counts reflect live calibration rows and explicitly labeled provisional staging only.,Structured marketplace/exhibitor panels not enumerated to an accessible end; independent holdout and cold-start challenge not completed; unresolved high-salience leads remain.,"Complete panel end-enumeration where accessible, resolve high-salience leads, run independent holdout and cold-start challenge, then assess stopping rules. Then complete independently reviewed product-design coding.",9,9,10,10,0,0,0,9,9,complete_for_current_inventory,7,22,6,0,1,0,0
working_initial_release,51-4041.00,Machinists,CAN-51-4041-02,"Build, modify, and repair machine tools or experimental assemblies",US first wave; separately documented foreign calibration rows may exist,English,active_search,0,0,1,0,15,6,application_marketplace|cloud_marketplace|incumbent_provider_archive|industry_ecosystem|industry_program|web_query_matrix,1,1,not_estimated,not_run,not_saturated,No comprehensive current-product claim; counts reflect live calibration rows and explicitly labeled provisional staging only.,Structured marketplace/exhibitor panels not enumerated to an accessible end; independent holdout and cold-start challenge not completed; unresolved high-salience leads remain.,"Complete panel end-enumeration where accessible, resolve high-salience leads, run independent holdout and cold-start challenge, then assess stopping rules. Then complete independently reviewed product-design coding.",1,1,1,1,0,0,0,1,1,complete_for_current_inventory,7,18,1,4,1,1,0
working_initial_release,53-7065.00,Stockers and Order Fillers,CAN-53-7065-01,"Receive, store, and replenish inventory",US first wave; separately documented foreign calibration rows may exist,English,active_search,11,11,11,0,10,8,application_marketplace|broad_product_source|cloud_marketplace|incumbent_provider_archive|industry_ecosystem|official_exact_product_verification|public_deployment_panel|web_query_matrix,0,0,not_run,not_run,not_saturated,No comprehensive current-product claim; counts reflect live calibration rows and explicitly labeled provisional staging only.,"Panels not enumerated to end; no independent holdout or recall estimate; no cold challenge; no two consecutive low-yield rounds; long-tail, regional, embedded, marketplace, reseller, and product-lineage candidates remain open; high-salience unresolveds remain.","Enumerate planned panels to their accessible end, resolve high-salience leads, run independent holdout and cold challenge, complete two low-yield rounds, then code product design.",11,11,11,11,0,0,0,11,11,complete_for_current_inventory,11,17,11,0,0,0,0
working_initial_release,53-7065.00,Stockers and Order Fillers,CAN-53-7065-02,Fill and issue customer or internal orders,US first wave; separately documented foreign calibration rows may exist,English,active_search,6,6,8,0,10,8,application_marketplace|broad_product_source|cloud_marketplace|incumbent_provider_archive|industry_ecosystem|official_exact_product_verification|public_deployment_panel|web_query_matrix,0,0,not_run,not_run,not_saturated,No comprehensive current-product claim; counts reflect live calibration rows and explicitly labeled provisional staging only.,"Panels not enumerated to end; no independent holdout or recall estimate; no cold challenge; no two consecutive low-yield rounds; long-tail, regional, embedded, marketplace, reseller, and product-lineage candidates remain open; high-salience unresolveds remain.","Enumerate planned panels to their accessible end, resolve high-salience leads, run independent holdout and cold challenge, complete two low-yield rounds, then code product design.",8,7,8,8,0,0,0,8,8,complete_for_current_inventory,8,17,8,0,0,0,0
working_initial_release,11-2021.00,Marketing Managers,CAN-11-2021-01,Develop and direct marketing strategy and execution,US first wave; separately documented foreign calibration rows may exist,English,active_search,0,0,25,0,18,6,application_marketplace|broad_product_source|cloud_marketplace|incumbent_provider_archive|industry_ecosystem|web_query_matrix,1,1,not_estimated,not_run,not_saturated,No comprehensive current-product claim; counts reflect live calibration rows and explicitly labeled provisional staging only.,Structured marketplace/exhibitor panels not enumerated to an accessible end; independent holdout and cold-start challenge not completed; unresolved high-salience leads remain.,"Complete panel end-enumeration where accessible, resolve high-salience leads, run independent holdout and cold-start challenge, then assess stopping rules. Then complete independently reviewed product-design coding.",25,24,25,25,0,0,0,25,25,complete_for_current_inventory,27,18,25,0,1,1,0
working_initial_release,11-3013.00,Facilities Managers,CAN-11-3013-01,"Keep facilities safe, compliant, functional, and fit for use",US first wave; separately documented foreign calibration rows may exist,English,active_search,0,0,14,0,18,6,application_marketplace|broad_product_source|cloud_marketplace|incumbent_provider_archive|industry_ecosystem|web_query_matrix,1,1,not_estimated,not_run,not_saturated,No comprehensive current-product claim; counts reflect live calibration rows and explicitly labeled provisional staging only.,Structured marketplace/exhibitor panels not enumerated to an accessible end; independent holdout and cold-start challenge not completed; unresolved high-salience leads remain.,"Complete panel end-enumeration where accessible, resolve high-salience leads, run independent holdout and cold-start challenge, then assess stopping rules. Then complete independently reviewed product-design coding.",14,14,14,14,0,0,0,14,14,complete_for_current_inventory,16,18,14,0,1,1,0
working_initial_release,13-1041.00,Compliance Officers,CAN-13-1041-01,"Administer licenses, permits, and eligibility determinations",US first wave; separately documented foreign calibration rows may exist,English,active_search,0,0,9,0,18,6,application_marketplace|broad_product_source|cloud_marketplace|incumbent_provider_archive|industry_ecosystem|web_query_matrix,2,2,not_estimated,not_run,not_saturated,No comprehensive current-product claim; counts reflect live calibration rows and explicitly labeled provisional staging only.,Structured marketplace/exhibitor panels not enumerated to an accessible end; independent holdout and cold-start challenge not completed; unresolved high-salience leads remain.,"Complete panel end-enumeration where accessible, resolve high-salience leads, run independent holdout and cold-start challenge, then assess stopping rules. Then complete independently reviewed product-design coding.",9,9,9,9,0,0,0,9,9,complete_for_current_inventory,12,18,9,0,1,2,0
working_initial_release,13-1041.00,Compliance Officers,CAN-13-1041-02,"Monitor, investigate, and remediate regulatory compliance",US first wave; separately documented foreign calibration rows may exist,English,active_search,0,0,25,0,18,6,application_marketplace|broad_product_source|cloud_marketplace|incumbent_provider_archive|industry_ecosystem|web_query_matrix,1,1,not_estimated,not_run,not_saturated,No comprehensive current-product claim; counts reflect live calibration rows and explicitly labeled provisional staging only.,Structured marketplace/exhibitor panels not enumerated to an accessible end; independent holdout and cold-start challenge not completed; unresolved high-salience leads remain.,"Complete panel end-enumeration where accessible, resolve high-salience leads, run independent holdout and cold-start challenge, then assess stopping rules. Then complete independently reviewed product-design coding.",25,25,25,25,0,0,0,25,25,complete_for_current_inventory,27,18,25,0,1,1,0
working_initial_release,13-1081.00,Logisticians,CAN-13-1081-01,"Design, coordinate, and improve lifecycle logistics",US first wave; separately documented foreign calibration rows may exist,English,active_search,0,0,28,0,19,6,application_marketplace|broad_product_source|cloud_marketplace|incumbent_provider_archive|industry_ecosystem|web_query_matrix,1,1,not_estimated,not_run,not_saturated,No comprehensive current-product claim; counts reflect live calibration rows and explicitly labeled provisional staging only.,Structured marketplace/exhibitor panels not enumerated to an accessible end; independent holdout and cold-start challenge not completed; unresolved high-salience leads remain.,"Complete panel end-enumeration where accessible, resolve high-salience leads, run independent holdout and cold-start challenge, then assess stopping rules. Then complete independently reviewed product-design coding.",28,28,28,28,0,0,0,28,28,complete_for_current_inventory,30,19,28,0,1,1,0
working_initial_release,13-2051.00,Financial and Investment Analysts,CAN-13-2051-01,Evaluate investments and provide financial recommendations,US first wave; separately documented foreign calibration rows may exist,English,active_search,0,0,29,0,0,0,,1,,not_completed,not_completed,not_saturated,No comprehensive current-product claim; counts reflect live calibration rows and explicitly labeled provisional staging only.,No exhaustive marketplace or provider-catalog enumeration; no blinded second-coder holdout with recall estimate; no two consecutive clean low-yield rounds; long-tail and regional variants remain open.,"Complete structured panels, identity review, design coding, independent holdout, cold challenge, and two clean low-yield rounds.",28,28,29,29,0,0,0,28,28,complete_for_current_inventory,31,3,29,0,1,1,0
working_initial_release,13-2051.00,Financial and Investment Analysts,CAN-13-2051-02,Structure and support financing and capital transactions,US first wave; separately documented foreign calibration rows may exist,English,active_search,0,0,18,0,0,0,,1,,not_completed,not_completed,not_saturated,No comprehensive current-product claim; counts reflect live calibration rows and explicitly labeled provisional staging only.,No exhaustive marketplace or provider-catalog enumeration; no blinded second-coder holdout with recall estimate; no two consecutive clean low-yield rounds; long-tail and regional variants remain open.,"Complete structured panels, identity review, design coding, independent holdout, cold challenge, and two clean low-yield rounds.",18,17,18,18,0,0,0,18,18,complete_for_current_inventory,19,1,18,0,0,1,0
working_initial_release,15-1244.00,Network and Computer Systems Administrators,CAN-15-1244-01,"Operate, secure, restore, and improve networked systems",US first wave; separately documented foreign calibration rows may exist,English,active_search,0,0,14,0,7,7,cloud_marketplace;competitor_and_integration_snowball;independent_deployment;industry_registry;open_source_repository;professional_conference;public_web_query_matrix,1,1,not_run,not_completed,not_saturated,No comprehensive current-product claim; counts reflect live calibration rows and explicitly labeled provisional staging only.,"Dynamic and authenticated catalogs were only partially accessible; English and U.S. availability scope; embedded, regional, renamed, and white-label products may be missed; no independent recall estimate.","Resolve high-salience leads, decompose major incumbent suites, enumerate accessible panel updates, run blinded holdout and cold challenge, and complete two low-yield rounds before design coding.",14,14,14,14,0,0,0,14,14,complete_for_current_inventory,15,7,14,0,0,1,0
working_initial_release,15-2051.00,Data Scientists,CAN-15-2051-01,Develop and deliver data-driven models and findings,US first wave; separately documented foreign calibration rows may exist,English,active_search,0,0,16,0,7,7,cloud_marketplace;competitor_and_integration_snowball;independent_deployment;industry_registry;open_source_repository;professional_conference;public_web_query_matrix,1,1,not_run,not_completed,not_saturated,No comprehensive current-product claim; counts reflect live calibration rows and explicitly labeled provisional staging only.,"Dynamic and authenticated catalogs were only partially accessible; English and U.S. availability scope; embedded, regional, renamed, and white-label products may be missed; no independent recall estimate.","Resolve high-salience leads, decompose major incumbent suites, enumerate accessible panel updates, run blinded holdout and cold challenge, and complete two low-yield rounds before design coding.",16,16,16,16,0,0,0,16,16,complete_for_current_inventory,17,7,16,0,0,1,0
working_initial_release,17-1011.00,"Architects, Except Landscape and Naval",CAN-17-1011-01,Design and carry architectural projects through construction,US first wave; separately documented foreign calibration rows may exist,English,active_search,0,0,12,0,7,7,cloud_marketplace;competitor_and_integration_snowball;independent_deployment;industry_registry;open_source_repository;professional_conference;public_web_query_matrix,1,0,not_run,not_completed,not_saturated,No comprehensive current-product claim; counts reflect live calibration rows and explicitly labeled provisional staging only.,"Dynamic and authenticated catalogs were only partially accessible; English and U.S. availability scope; embedded, regional, renamed, and white-label products may be missed; no independent recall estimate.","Resolve high-salience leads, decompose major incumbent suites, enumerate accessible panel updates, run blinded holdout and cold challenge, and complete two low-yield rounds before design coding.",12,12,12,12,0,0,0,12,12,complete_for_current_inventory,13,7,12,0,0,1,0
working_initial_release,17-2141.00,Mechanical Engineers,CAN-17-2141-01,"Design, validate, and sustain mechanical products and systems",US first wave; separately documented foreign calibration rows may exist,English,active_search,0,0,10,0,7,7,cloud_marketplace;competitor_and_integration_snowball;independent_deployment;industry_registry;open_source_repository;professional_conference;public_web_query_matrix,1,1,not_run,not_completed,not_saturated,No comprehensive current-product claim; counts reflect live calibration rows and explicitly labeled provisional staging only.,"Dynamic and authenticated catalogs were only partially accessible; English and U.S. availability scope; embedded, regional, renamed, and white-label products may be missed; no independent recall estimate.","Resolve high-salience leads, decompose major incumbent suites, enumerate accessible panel updates, run blinded holdout and cold challenge, and complete two low-yield rounds before design coding.",10,10,10,10,0,0,0,10,10,complete_for_current_inventory,11,7,10,0,0,1,0
working_initial_release,19-2031.00,Chemists,CAN-19-2031-01,"Conduct chemical research and develop products, processes, and methods",US first wave; separately documented foreign calibration rows may exist,English,active_search,0,0,11,0,7,7,cloud_marketplace;competitor_and_integration_snowball;independent_deployment;industry_registry;open_source_repository;professional_conference;public_web_query_matrix,1,1,not_run,not_completed,not_saturated,No comprehensive current-product claim; counts reflect live calibration rows and explicitly labeled provisional staging only.,"Dynamic and authenticated catalogs were only partially accessible; English and U.S. availability scope; embedded, regional, renamed, and white-label products may be missed; no independent recall estimate.","Resolve high-salience leads, decompose major incumbent suites, enumerate accessible panel updates, run blinded holdout and cold challenge, and complete two low-yield rounds before design coding.",11,11,11,11,0,0,0,11,11,complete_for_current_inventory,12,7,11,0,0,1,0
working_initial_release,19-2031.00,Chemists,CAN-19-2031-02,Verify chemical quality and troubleshoot production processes,US first wave; separately documented foreign calibration rows may exist,English,active_search,0,0,8,0,7,7,cloud_marketplace;competitor_and_integration_snowball;independent_deployment;industry_registry;open_source_repository;professional_conference;public_web_query_matrix,1,0,not_run,not_completed,not_saturated,No comprehensive current-product claim; counts reflect live calibration rows and explicitly labeled provisional staging only.,"Dynamic and authenticated catalogs were only partially accessible; English and U.S. availability scope; embedded, regional, renamed, and white-label products may be missed; no independent recall estimate.","Resolve high-salience leads, decompose major incumbent suites, enumerate accessible panel updates, run blinded holdout and cold challenge, and complete two low-yield rounds before design coding.",8,8,8,8,0,0,0,8,8,complete_for_current_inventory,9,7,8,0,0,1,0
working_initial_release,19-3033.00,Clinical and Counseling Psychologists,CAN-19-3033-01,Assess psychological needs and provide counseling or treatment,US first wave; separately documented foreign calibration rows may exist,English,active_search,0,0,16,0,7,7,cloud_marketplace;competitor_and_integration_snowball;independent_deployment;industry_registry;open_source_repository;professional_conference;public_web_query_matrix,1,1,not_run,not_completed,not_saturated,No comprehensive current-product claim; counts reflect live calibration rows and explicitly labeled provisional staging only.,"Dynamic and authenticated catalogs were only partially accessible; English and U.S. availability scope; embedded, regional, renamed, and white-label products may be missed; no independent recall estimate.","Resolve high-salience leads, decompose major incumbent suites, enumerate accessible panel updates, run blinded holdout and cold challenge, and complete two low-yield rounds before design coding.",15,13,15,15,0,0,0,15,15,complete_for_current_inventory,17,7,15,1,0,1,0
working_initial_release,19-3033.00,Clinical and Counseling Psychologists,CAN-19-3033-02,Develop psychological services and practitioner capability,US first wave; separately documented foreign calibration rows may exist,English,active_search,0,0,5,0,7,7,cloud_marketplace;competitor_and_integration_snowball;independent_deployment;industry_registry;open_source_repository;professional_conference;public_web_query_matrix,1,0,not_run,not_completed,not_saturated,No comprehensive current-product claim; counts reflect live calibration rows and explicitly labeled provisional staging only.,"Dynamic and authenticated catalogs were only partially accessible; English and U.S. availability scope; embedded, regional, renamed, and white-label products may be missed; no independent recall estimate.","Resolve high-salience leads, decompose major incumbent suites, enumerate accessible panel updates, run blinded holdout and cold challenge, and complete two low-yield rounds before design coding.",5,5,5,5,0,0,0,5,5,complete_for_current_inventory,6,7,5,0,0,1,0
working_initial_release,19-3033.00,Clinical and Counseling Psychologists,CAN-19-3033-03,Prepare forensic psychological evaluations,US first wave; separately documented foreign calibration rows may exist,English,active_search,0,0,2,0,7,7,cloud_marketplace;competitor_and_integration_snowball;independent_deployment;industry_registry;open_source_repository;professional_conference;public_web_query_matrix,2,2,not_run,not_completed,not_saturated,No comprehensive current-product claim; counts reflect live calibration rows and explicitly labeled provisional staging only.,"Dynamic and authenticated catalogs were only partially accessible; English and U.S. availability scope; embedded, regional, renamed, and white-label products may be missed; no independent recall estimate.","Resolve high-salience leads, decompose major incumbent suites, enumerate accessible panel updates, run blinded holdout and cold challenge, and complete two low-yield rounds before design coding.",2,2,2,2,0,0,0,2,2,complete_for_current_inventory,5,7,2,1,0,2,0
working_initial_release,19-3033.00,Clinical and Counseling Psychologists,CAN-19-3033-04,Conduct and report applied psychological research,US first wave; separately documented foreign calibration rows may exist,English,active_search,0,0,13,0,7,7,cloud_marketplace;competitor_and_integration_snowball;independent_deployment;industry_registry;open_source_repository;professional_conference;public_web_query_matrix,1,0,not_run,not_completed,not_saturated,No comprehensive current-product claim; counts reflect live calibration rows and explicitly labeled provisional staging only.,"Dynamic and authenticated catalogs were only partially accessible; English and U.S. availability scope; embedded, regional, renamed, and white-label products may be missed; no independent recall estimate.","Resolve high-salience leads, decompose major incumbent suites, enumerate accessible panel updates, run blinded holdout and cold challenge, and complete two low-yield rounds before design coding.",13,13,13,13,0,0,0,13,13,complete_for_current_inventory,14,7,13,0,0,1,0
working_initial_release,21-1012.00,"Educational, Guidance, and Career Counselors and Advisors",CAN-21-1012-01,"Assess and guide educational, career, and personal decisions",US first wave; separately documented foreign calibration rows may exist,English,active_search,0,0,12,0,6,6,frozen_public_web_matrix|marketplace_procurement|official_deployment_customer|professional_association_conference|snowball_incumbent_archive|structured_product_directory,3,3,not_run,not_completed,not_saturated,No comprehensive current-product claim; counts reflect live calibration rows and explicitly labeled provisional staging only.,"Panels not enumerated to end; no independent holdout or recall estimate; no cold challenge; no two consecutive low-yield rounds; long-tail, regional, embedded, and product-lineage candidates remain open; high-salience unresolveds remain.","Resolve high-salience leads, enumerate mandatory panels, run a blinded holdout and cold challenge, complete two clean low-yield rounds, then code product design.",12,12,12,12,0,0,0,12,12,complete_for_current_inventory,15,6,12,0,0,3,0
working_initial_release,21-1012.00,"Educational, Guidance, and Career Counselors and Advisors",CAN-21-1012-02,Design and coordinate student and career-support programs,US first wave; separately documented foreign calibration rows may exist,English,active_search,0,0,11,0,6,6,frozen_public_web_matrix|marketplace_procurement|official_deployment_customer|professional_association_conference|snowball_incumbent_archive|structured_product_directory,0,0,not_run,not_completed,not_saturated,No comprehensive current-product claim; counts reflect live calibration rows and explicitly labeled provisional staging only.,"Panels not enumerated to end; no independent holdout or recall estimate; no cold challenge; no two consecutive low-yield rounds; long-tail, regional, embedded, and product-lineage candidates remain open; high-salience unresolveds remain.","Resolve high-salience leads, enumerate mandatory panels, run a blinded holdout and cold challenge, complete two clean low-yield rounds, then code product design.",11,11,11,11,0,0,0,11,11,complete_for_current_inventory,11,6,11,0,0,0,0
working_initial_release,21-2011.00,Clergy,CAN-21-2011-01,"Lead worship, rites, and religious formation",US first wave; separately documented foreign calibration rows may exist,English,active_search,0,0,10,0,6,6,frozen_public_web_matrix|marketplace_procurement|official_deployment_customer|professional_association_conference|snowball_incumbent_archive|structured_product_directory,0,0,not_run,not_completed,not_saturated,No comprehensive current-product claim; counts reflect live calibration rows and explicitly labeled provisional staging only.,"Panels not enumerated to end; no independent holdout or recall estimate; no cold challenge; no two consecutive low-yield rounds; long-tail, regional, embedded, and product-lineage candidates remain open; high-salience unresolveds remain.","Resolve high-salience leads, enumerate mandatory panels, run a blinded holdout and cold challenge, complete two clean low-yield rounds, then code product design.",10,10,10,10,0,0,0,10,10,complete_for_current_inventory,11,6,10,0,1,0,0
working_initial_release,21-2011.00,Clergy,CAN-21-2011-02,Provide pastoral and spiritual care,US first wave; separately documented foreign calibration rows may exist,English,active_search,0,0,6,0,6,6,frozen_public_web_matrix|marketplace_procurement|official_deployment_customer|professional_association_conference|snowball_incumbent_archive|structured_product_directory,1,1,not_run,not_completed,not_saturated,No comprehensive current-product claim; counts reflect live calibration rows and explicitly labeled provisional staging only.,"Panels not enumerated to end; no independent holdout or recall estimate; no cold challenge; no two consecutive low-yield rounds; long-tail, regional, embedded, and product-lineage candidates remain open; high-salience unresolveds remain.","Resolve high-salience leads, enumerate mandatory panels, run a blinded holdout and cold challenge, complete two clean low-yield rounds, then code product design.",6,5,6,6,0,0,0,6,6,complete_for_current_inventory,7,6,6,0,0,1,0
working_initial_release,21-2011.00,Clergy,CAN-21-2011-03,Lead congregational operations and community programs,US first wave; separately documented foreign calibration rows may exist,English,active_search,0,0,7,0,6,6,frozen_public_web_matrix|marketplace_procurement|official_deployment_customer|professional_association_conference|snowball_incumbent_archive|structured_product_directory,2,2,not_run,not_completed,not_saturated,No comprehensive current-product claim; counts reflect live calibration rows and explicitly labeled provisional staging only.,"Panels not enumerated to end; no independent holdout or recall estimate; no cold challenge; no two consecutive low-yield rounds; long-tail, regional, embedded, and product-lineage candidates remain open; high-salience unresolveds remain.","Resolve high-salience leads, enumerate mandatory panels, run a blinded holdout and cold challenge, complete two clean low-yield rounds, then code product design.",7,6,7,7,0,0,0,7,7,complete_for_current_inventory,9,6,7,0,0,2,0
working_initial_release,23-1023.00,"Judges, Magistrate Judges, and Magistrates",CAN-23-1023-01,Conduct proceedings and issue binding judicial decisions,US first wave; separately documented foreign calibration rows may exist,English,active_search,0,0,2,0,7,7,broad_product_directory|broad_structured_directory|incumbent_provider_archive|industry_ecosystem|industry_landscape|official_exact_product_verification|public_sector_procurement_and_deployment,1,1,not_run,not_completed,not_saturated,No comprehensive current-product claim; counts reflect live calibration rows and explicitly labeled provisional staging only.,"Panels not enumerated to end; Stanford parsing incomplete; no independent holdout or recall estimate; no cold challenge; no two consecutive low-yield rounds; long-tail, regional, embedded, marketplace, and lineage candidates remain open; high-salience unresolveds remain.","Finish queued and incompletely enumerated panels, resolve high-salience leads, run the blinded holdout and cold challenge, complete two clean low-yield rounds, then code product design.",2,2,2,2,0,0,0,2,2,complete_for_current_inventory,5,9,2,2,0,1,0
working_initial_release,23-2011.00,Paralegals and Legal Assistants,CAN-23-2011-01,Prepare and coordinate legal matters under lawyer direction,US first wave; separately documented foreign calibration rows may exist,English,active_search,0,0,26,0,6,6,broad_product_directory|broad_structured_directory|incumbent_provider_archive|industry_ecosystem|industry_landscape|official_exact_product_verification,0,0,not_run,not_completed,not_saturated,No comprehensive current-product claim; counts reflect live calibration rows and explicitly labeled provisional staging only.,"Panels not enumerated to end; Stanford parsing incomplete; no independent holdout or recall estimate; no cold challenge; no two consecutive low-yield rounds; long-tail, regional, embedded, marketplace, and lineage candidates remain open; high-salience unresolveds remain.","Finish queued and incompletely enumerated panels, resolve high-salience leads, run the blinded holdout and cold challenge, complete two clean low-yield rounds, then code product design.",26,26,26,26,0,0,0,26,26,complete_for_current_inventory,26,6,26,0,0,0,0
working_initial_release,25-9031.00,Instructional Coordinators,CAN-25-9031-01,"Coordinate curricula, teaching standards, and educator support",US first wave; separately documented foreign calibration rows may exist,English,active_search,0,0,10,0,6,6,frozen_public_web_matrix|marketplace_procurement|official_deployment_customer|professional_association_conference|snowball_incumbent_archive|structured_product_directory,0,0,not_run,not_completed,not_saturated,No comprehensive current-product claim; counts reflect live calibration rows and explicitly labeled provisional staging only.,"Panels not enumerated to end; no independent holdout or recall estimate; no cold challenge; no two consecutive low-yield rounds; long-tail, regional, embedded, and product-lineage candidates remain open; high-salience unresolveds remain.","Resolve high-salience leads, enumerate mandatory panels, run a blinded holdout and cold challenge, complete two clean low-yield rounds, then code product design.",10,10,10,10,0,0,0,10,10,complete_for_current_inventory,10,6,10,0,0,0,0
working_initial_release,25-9031.00,Instructional Coordinators,CAN-25-9031-02,Design and evaluate instructional systems and learning products,US first wave; separately documented foreign calibration rows may exist,English,active_search,0,0,29,0,6,6,frozen_public_web_matrix|marketplace_procurement|official_deployment_customer|professional_association_conference|snowball_incumbent_archive|structured_product_directory,1,1,not_run,not_completed,not_saturated,No comprehensive current-product claim; counts reflect live calibration rows and explicitly labeled provisional staging only.,"Panels not enumerated to end; no independent holdout or recall estimate; no cold challenge; no two consecutive low-yield rounds; long-tail, regional, embedded, and product-lineage candidates remain open; high-salience unresolveds remain.","Resolve high-salience leads, enumerate mandatory panels, run a blinded holdout and cold challenge, complete two clean low-yield rounds, then code product design.",29,29,29,29,0,0,0,29,29,complete_for_current_inventory,32,6,29,0,2,1,0
working_initial_release,25-4022.00,Librarians and Media Collections Specialists,CAN-25-4022-01,"Provide patron access, reference, instruction, and programs",US first wave; separately documented foreign calibration rows may exist,English,active_search,0,0,10,0,6,6,frozen_public_web_matrix|marketplace_procurement|official_deployment_customer|professional_association_conference|snowball_incumbent_archive|structured_product_directory,0,0,not_run,not_completed,not_saturated,No comprehensive current-product claim; counts reflect live calibration rows and explicitly labeled provisional staging only.,"Panels not enumerated to end; no independent holdout or recall estimate; no cold challenge; no two consecutive low-yield rounds; long-tail, regional, embedded, and product-lineage candidates remain open; high-salience unresolveds remain.","Resolve high-salience leads, enumerate mandatory panels, run a blinded holdout and cold challenge, complete two clean low-yield rounds, then code product design.",10,7,10,10,0,0,0,10,10,complete_for_current_inventory,12,6,10,1,1,0,0
working_initial_release,25-4022.00,Librarians and Media Collections Specialists,CAN-25-4022-02,Develop and maintain library collections and discovery systems,US first wave; separately documented foreign calibration rows may exist,English,active_search,0,0,6,0,6,6,frozen_public_web_matrix|marketplace_procurement|official_deployment_customer|professional_association_conference|snowball_incumbent_archive|structured_product_directory,2,2,not_run,not_completed,not_saturated,No comprehensive current-product claim; counts reflect live calibration rows and explicitly labeled provisional staging only.,"Panels not enumerated to end; no independent holdout or recall estimate; no cold challenge; no two consecutive low-yield rounds; long-tail, regional, embedded, and product-lineage candidates remain open; high-salience unresolveds remain.","Resolve high-salience leads, enumerate mandatory panels, run a blinded holdout and cold challenge, complete two clean low-yield rounds, then code product design.",6,3,6,6,0,0,0,6,6,complete_for_current_inventory,8,6,6,0,0,2,0
working_initial_release,25-4022.00,Librarians and Media Collections Specialists,CAN-25-4022-03,Direct library operations and services,US first wave; separately documented foreign calibration rows may exist,English,active_search,0,0,3,0,6,6,frozen_public_web_matrix|marketplace_procurement|official_deployment_customer|professional_association_conference|snowball_incumbent_archive|structured_product_directory,2,2,not_run,not_completed,not_saturated,No comprehensive current-product claim; counts reflect live calibration rows and explicitly labeled provisional staging only.,"Panels not enumerated to end; no independent holdout or recall estimate; no cold challenge; no two consecutive low-yield rounds; long-tail, regional, embedded, and product-lineage candidates remain open; high-salience unresolveds remain.","Resolve high-salience leads, enumerate mandatory panels, run a blinded holdout and cold challenge, complete two clean low-yield rounds, then code product design.",3,3,3,3,0,0,0,3,3,complete_for_current_inventory,8,6,3,2,1,2,0
working_initial_release,27-3023.00,"News Analysts, Reporters, and Journalists",CAN-27-3023-01,"Investigate, verify, and report news",US first wave; separately documented foreign calibration rows may exist,English,active_search,0,0,11,0,6,5,broad_product_source|industry_ecosystem|official_exact_product_verification|professional_case_registry|professional_use_registry,2,2,not_run,not_completed,not_saturated,No comprehensive current-product claim; counts reflect live calibration rows and explicitly labeled provisional staging only.,"Panels not enumerated to end; Stanford parsing incomplete; no independent holdout or recall estimate; no cold challenge; no two consecutive low-yield rounds; long-tail, regional, embedded, marketplace, and lineage candidates remain open; high-salience unresolveds remain.","Finish queued and incompletely enumerated panels, resolve high-salience leads, run the blinded holdout and cold challenge, complete two clean low-yield rounds, then code product design.",11,11,11,11,0,0,0,11,11,complete_for_current_inventory,18,8,11,5,0,2,0
working_initial_release,27-3023.00,"News Analysts, Reporters, and Journalists",CAN-27-3023-02,"Develop and present news analysis, commentary, or criticism",US first wave; separately documented foreign calibration rows may exist,English,active_search,0,0,7,0,6,5,broad_product_source|industry_ecosystem|official_exact_product_verification|professional_case_registry|professional_use_registry,2,2,not_run,not_completed,not_saturated,No comprehensive current-product claim; counts reflect live calibration rows and explicitly labeled provisional staging only.,"Panels not enumerated to end; Stanford parsing incomplete; no independent holdout or recall estimate; no cold challenge; no two consecutive low-yield rounds; long-tail, regional, embedded, marketplace, and lineage candidates remain open; high-salience unresolveds remain.","Finish queued and incompletely enumerated panels, resolve high-salience leads, run the blinded holdout and cold challenge, complete two clean low-yield rounds, then code product design.",7,7,7,7,0,0,0,7,7,complete_for_current_inventory,9,7,7,0,0,2,0
working_initial_release,27-3043.00,Writers and Authors,CAN-27-3043-01,Create and prepare written work for a defined purpose and audience,US first wave; separately documented foreign calibration rows may exist,English,active_search,0,0,20,0,6,5,application_marketplace|broad_product_source|browser_extension_marketplace|official_exact_product_verification|web_query_matrix,0,0,not_run,not_completed,not_saturated,No comprehensive current-product claim; counts reflect live calibration rows and explicitly labeled provisional staging only.,"Panels not enumerated to end; Stanford parsing incomplete; no independent holdout or recall estimate; no cold challenge; no two consecutive low-yield rounds; long-tail, regional, embedded, marketplace, and lineage candidates remain open; high-salience unresolveds remain.","Finish queued and incompletely enumerated panels, resolve high-salience leads, run the blinded holdout and cold challenge, complete two clean low-yield rounds, then code product design.",20,20,20,20,0,0,0,20,20,complete_for_current_inventory,21,7,20,1,0,0,0
working_initial_release,27-4032.00,Film and Video Editors,CAN-27-4032-01,Shape source footage and sound into a finished audiovisual production,US first wave; separately documented foreign calibration rows may exist,English,active_search,0,0,19,0,6,6,application_marketplace|broad_product_source|industry_awards|industry_ecosystem|official_exact_product_verification|web_query_matrix,1,1,not_run,not_completed,not_saturated,No comprehensive current-product claim; counts reflect live calibration rows and explicitly labeled provisional staging only.,"Panels not enumerated to end; Stanford parsing incomplete; no independent holdout or recall estimate; no cold challenge; no two consecutive low-yield rounds; long-tail, regional, embedded, marketplace, and lineage candidates remain open; high-salience unresolveds remain.","Finish queued and incompletely enumerated panels, resolve high-salience leads, run the blinded holdout and cold challenge, complete two clean low-yield rounds, then code product design.",19,19,19,19,0,0,0,19,19,complete_for_current_inventory,24,8,19,4,0,1,0
working_initial_release,29-1021.00,"Dentists, General",CAN-29-1021-01,Assess and provide comprehensive oral health care,US first wave; separately documented foreign calibration rows may exist,English,active_search,0,0,15,0,5,5,independent_deployment;professional_association_web;provider_marketplace;public_web_query_matrix;structured_regulatory,3,,not_run,not_completed,not_saturated,No comprehensive current-product claim; counts reflect live calibration rows and explicitly labeled provisional staging only.,Directories and marketplaces are not fully enumerated; English and U.S. availability only; high-salience classification and independent stopping tests remain incomplete.,"Classify and resolve high-salience leads, enumerate remaining panels, run a blinded holdout and cold challenge, complete two low-yield rounds, then begin product-design coding.",15,9,15,15,0,0,0,15,15,complete_for_current_inventory,19,5,15,0,1,3,0
working_initial_release,29-1021.00,"Dentists, General",CAN-29-1021-02,Plan and maintain population oral-health programs,US first wave; separately documented foreign calibration rows may exist,English,active_search,0,0,4,0,5,5,government_and_public_health;independent_deployment;professional_association_web;provider_marketplace;public_web_query_matrix,2,,not_run,not_completed,not_saturated,No comprehensive current-product claim; counts reflect live calibration rows and explicitly labeled provisional staging only.,Directories and marketplaces are not fully enumerated; English and U.S. availability only; high-salience classification and independent stopping tests remain incomplete.,"Classify and resolve high-salience leads, enumerate remaining panels, run a blinded holdout and cold challenge, complete two low-yield rounds, then begin product-design coding.",4,4,4,4,0,0,0,4,4,complete_for_current_inventory,8,5,4,2,0,2,0
working_initial_release,29-1051.00,Pharmacists,CAN-29-1051-01,Ensure safe and effective medication use,US first wave; separately documented foreign calibration rows may exist,English,active_search,0,0,9,0,5,5,independent_deployment;professional_association_web;provider_marketplace;public_web_query_matrix;structured_regulatory,6,,not_run,not_completed,not_saturated,No comprehensive current-product claim; counts reflect live calibration rows and explicitly labeled provisional staging only.,Directories and marketplaces are not fully enumerated; English and U.S. availability only; high-salience classification and independent stopping tests remain incomplete.,"Classify and resolve high-salience leads, enumerate remaining panels, run a blinded holdout and cold challenge, complete two low-yield rounds, then begin product-design coding.",9,9,9,9,0,0,0,9,9,complete_for_current_inventory,15,5,9,0,0,6,0
working_initial_release,29-1123.00,Physical Therapists,CAN-29-1123-01,Assess and deliver rehabilitative physical therapy care,US first wave; separately documented foreign calibration rows may exist,English,active_search,0,0,7,0,5,5,independent_deployment;professional_association_web;provider_marketplace;public_web_query_matrix;structured_regulatory,3,,not_run,not_completed,not_saturated,No comprehensive current-product claim; counts reflect live calibration rows and explicitly labeled provisional staging only.,Directories and marketplaces are not fully enumerated; English and U.S. availability only; high-salience classification and independent stopping tests remain incomplete.,"Classify and resolve high-salience leads, enumerate remaining panels, run a blinded holdout and cold challenge, complete two low-yield rounds, then begin product-design coding.",7,7,7,7,0,0,0,7,7,complete_for_current_inventory,11,5,7,0,1,3,0
working_initial_release,29-1215.00,Family Medicine Physicians,CAN-29-1215-01,Provide comprehensive longitudinal primary medical care,US first wave; separately documented foreign calibration rows may exist,English,active_search,0,0,21,0,5,5,independent_deployment;professional_association_web;provider_marketplace;public_web_query_matrix;structured_regulatory,2,,not_run,not_completed,not_saturated,No comprehensive current-product claim; counts reflect live calibration rows and explicitly labeled provisional staging only.,Directories and marketplaces are not fully enumerated; English and U.S. availability only; high-salience classification and independent stopping tests remain incomplete.,"Classify and resolve high-salience leads, enumerate remaining panels, run a blinded holdout and cold challenge, complete two low-yield rounds, then begin product-design coding.",21,21,21,21,0,0,0,21,21,complete_for_current_inventory,24,5,21,1,0,2,0
working_initial_release,31-1131.00,Nursing Assistants,CAN-31-1131-01,Provide and monitor basic daily patient care,US first wave; separately documented foreign calibration rows may exist,English,active_search,0,0,16,0,7,7,competitor_and_integration_snowball;government_and_public_health;independent_deployment;professional_association_web;provider_marketplace;public_web_query_matrix;structured_regulatory,2,2,not_run,not_completed,not_saturated,No comprehensive current-product claim; counts reflect live calibration rows and explicitly labeled provisional staging only.,Directories and marketplaces are not fully enumerated; English and U.S. availability only; embedded and regional products may be missed; no independent holdout or low-yield stopping test.,"Resolve high-salience candidates, enumerate remaining panels, run a blinded holdout and cold challenge, complete two low-yield rounds, then begin product-design coding.",16,15,16,16,0,0,0,16,16,complete_for_current_inventory,22,7,16,4,0,2,0
working_initial_release,31-9092.00,Medical Assistants,CAN-31-9092-01,Coordinate ambulatory appointments and front-office services,US first wave; separately documented foreign calibration rows may exist,English,active_search,0,0,19,0,6,6,competitor_and_integration_snowball;ehr_marketplace;independent_deployment;professional_association_web;provider_marketplace;public_web_query_matrix,3,3,not_run,not_completed,not_saturated,No comprehensive current-product claim; counts reflect live calibration rows and explicitly labeled provisional staging only.,Directories and marketplaces are not fully enumerated; English and U.S. availability only; embedded and regional products may be missed; no independent holdout or low-yield stopping test.,"Resolve high-salience candidates, enumerate remaining panels, run a blinded holdout and cold challenge, complete two low-yield rounds, then begin product-design coding.",19,19,19,19,0,0,0,19,19,complete_for_current_inventory,25,6,19,3,0,3,0
working_initial_release,31-9092.00,Medical Assistants,CAN-31-9092-02,Prepare patients and support clinical examination and treatment,US first wave; separately documented foreign calibration rows may exist,English,active_search,0,0,12,0,7,7,competitor_and_integration_snowball;ehr_marketplace;independent_deployment;professional_association_web;provider_marketplace;public_web_query_matrix;structured_regulatory,2,2,not_run,not_completed,not_saturated,No comprehensive current-product claim; counts reflect live calibration rows and explicitly labeled provisional staging only.,Directories and marketplaces are not fully enumerated; English and U.S. availability only; embedded and regional products may be missed; no independent holdout or low-yield stopping test.,"Resolve high-salience candidates, enumerate remaining panels, run a blinded holdout and cold challenge, complete two low-yield rounds, then begin product-design coding.",12,12,12,12,0,0,0,12,12,complete_for_current_inventory,18,7,12,4,0,2,0
working_initial_release,33-2011.00,Firefighters,CAN-33-2011-01,Respond to and resolve fires and other emergencies,US first wave; separately documented foreign calibration rows may exist,English,active_search,0,0,7,0,8,7,application_marketplace|broad_product_source|cloud_marketplace|incumbent_provider_archive|industry_ecosystem|official_exact_product_verification|web_query_matrix,1,1,not_run,not_run,not_saturated,No comprehensive current-product claim; counts reflect live calibration rows and explicitly labeled provisional staging only.,"Panels not enumerated to end; no independent holdout or recall estimate; no cold challenge; no two consecutive low-yield rounds; long-tail, regional, embedded, marketplace, reseller, and product-lineage candidates remain open; high-salience unresolveds remain.","Enumerate planned panels to their accessible end, resolve high-salience leads, run independent holdout and cold challenge, complete two low-yield rounds, then code product design.",7,6,7,7,0,0,0,7,7,complete_for_current_inventory,8,9,7,0,0,1,0
working_initial_release,33-2011.00,Firefighters,CAN-33-2011-02,Reduce fire risk through inspection and public prevention education,US first wave; separately documented foreign calibration rows may exist,English,active_search,0,0,3,0,8,7,application_marketplace|broad_product_source|cloud_marketplace|incumbent_provider_archive|industry_ecosystem|official_exact_product_verification|web_query_matrix,0,0,not_run,not_run,not_saturated,No comprehensive current-product claim; counts reflect live calibration rows and explicitly labeled provisional staging only.,"Panels not enumerated to end; no independent holdout or recall estimate; no cold challenge; no two consecutive low-yield rounds; long-tail, regional, embedded, marketplace, reseller, and product-lineage candidates remain open; high-salience unresolveds remain.","Enumerate planned panels to their accessible end, resolve high-salience leads, run independent holdout and cold challenge, complete two low-yield rounds, then code product design.",3,3,3,3,0,0,0,3,3,complete_for_current_inventory,3,8,3,0,0,0,0
working_initial_release,33-9032.00,Security Guards,CAN-33-9032-01,"Secure premises, control access, and respond to incidents",US first wave; separately documented foreign calibration rows may exist,English,active_search,0,0,10,0,8,7,application_marketplace|broad_product_source|cloud_marketplace|incumbent_provider_archive|industry_ecosystem|official_exact_product_verification|web_query_matrix,1,1,not_run,not_run,not_saturated,No comprehensive current-product claim; counts reflect live calibration rows and explicitly labeled provisional staging only.,"Panels not enumerated to end; no independent holdout or recall estimate; no cold challenge; no two consecutive low-yield rounds; long-tail, regional, embedded, marketplace, reseller, and product-lineage candidates remain open; high-salience unresolveds remain.","Enumerate planned panels to their accessible end, resolve high-salience leads, run independent holdout and cold challenge, complete two low-yield rounds, then code product design.",10,10,10,10,0,0,0,10,10,complete_for_current_inventory,12,10,10,1,0,1,0
working_initial_release,35-2021.00,Food Preparation Workers,CAN-35-2021-01,Prepare and stage food safely for service,US first wave; separately documented foreign calibration rows may exist,English,active_search,0,0,2,0,9,9,application_marketplace|broad_product_source|cloud_marketplace|incumbent_provider_archive|industry_awards|industry_ecosystem|official_exact_product_verification|public_deployment_panel|web_query_matrix,1,1,not_run,not_run,not_saturated,No comprehensive current-product claim; counts reflect live calibration rows and explicitly labeled provisional staging only.,"Panels not enumerated to end; no independent holdout or recall estimate; no cold challenge; no two consecutive low-yield rounds; long-tail, regional, embedded, marketplace, reseller, and product-lineage candidates remain open; high-salience unresolveds remain.","Enumerate planned panels to their accessible end, resolve high-salience leads, run independent holdout and cold challenge, complete two low-yield rounds, then code product design.",2,2,2,2,0,0,0,2,2,complete_for_current_inventory,5,11,2,2,0,1,0
working_initial_release,35-3031.00,Waiters and Waitresses,CAN-35-3031-01,Serve dining patrons from order through payment,US first wave; separately documented foreign calibration rows may exist,English,active_search,0,0,7,0,9,9,application_marketplace|broad_product_source|cloud_marketplace|incumbent_provider_archive|industry_awards|industry_ecosystem|official_exact_product_verification|public_deployment_panel|web_query_matrix,1,1,not_run,not_run,not_saturated,No comprehensive current-product claim; counts reflect live calibration rows and explicitly labeled provisional staging only.,"Panels not enumerated to end; no independent holdout or recall estimate; no cold challenge; no two consecutive low-yield rounds; long-tail, regional, embedded, marketplace, reseller, and product-lineage candidates remain open; high-salience unresolveds remain.","Enumerate planned panels to their accessible end, resolve high-salience leads, run independent holdout and cold challenge, complete two low-yield rounds, then code product design.",7,5,7,7,0,0,0,7,7,complete_for_current_inventory,8,10,7,0,0,1,0
working_initial_release,37-2021.00,Pest Control Workers,CAN-37-2021-01,Diagnose and resolve pest infestations,US first wave; separately documented foreign calibration rows may exist,English,active_search,0,0,2,0,8,8,application_marketplace|broad_product_source|cloud_marketplace|incumbent_provider_archive|industry_ecosystem|official_exact_product_verification|research_and_evaluation_registry|web_query_matrix,5,5,not_run,not_run,not_saturated,No comprehensive current-product claim; counts reflect live calibration rows and explicitly labeled provisional staging only.,"Panels not enumerated to end; no independent holdout or recall estimate; no cold challenge; no two consecutive low-yield rounds; long-tail, regional, embedded, marketplace, reseller, and product-lineage candidates remain open; high-salience unresolveds remain.","Enumerate planned panels to their accessible end, resolve high-salience leads, run independent holdout and cold challenge, complete two low-yield rounds, then code product design.",2,2,2,2,0,0,0,2,2,complete_for_current_inventory,8,10,2,0,1,5,0
working_initial_release,37-3011.00,Landscaping and Groundskeeping Workers,CAN-37-3011-01,Maintain landscaped grounds and outdoor features,US first wave; separately documented foreign calibration rows may exist,English,active_search,0,0,3,0,8,7,application_marketplace|broad_product_source|cloud_marketplace|incumbent_provider_archive|industry_ecosystem|official_exact_product_verification|web_query_matrix,1,1,not_run,not_run,not_saturated,No comprehensive current-product claim; counts reflect live calibration rows and explicitly labeled provisional staging only.,"Panels not enumerated to end; no independent holdout or recall estimate; no cold challenge; no two consecutive low-yield rounds; long-tail, regional, embedded, marketplace, reseller, and product-lineage candidates remain open; high-salience unresolveds remain.","Enumerate planned panels to their accessible end, resolve high-salience leads, run independent holdout and cold challenge, complete two low-yield rounds, then code product design.",3,3,3,3,0,0,0,3,3,complete_for_current_inventory,4,9,3,0,0,1,0
working_initial_release,37-3011.00,Landscaping and Groundskeeping Workers,CAN-37-3011-02,Establish or renovate landscapes and grounds features,US first wave; separately documented foreign calibration rows may exist,English,active_search,0,0,1,0,8,7,application_marketplace|broad_product_source|cloud_marketplace|incumbent_provider_archive|industry_ecosystem|official_exact_product_verification|web_query_matrix,0,0,not_run,not_run,not_saturated,No comprehensive current-product claim; counts reflect live calibration rows and explicitly labeled provisional staging only.,"Panels not enumerated to end; no independent holdout or recall estimate; no cold challenge; no two consecutive low-yield rounds; long-tail, regional, embedded, marketplace, reseller, and product-lineage candidates remain open; high-salience unresolveds remain.","Enumerate planned panels to their accessible end, resolve high-salience leads, run independent holdout and cold challenge, complete two low-yield rounds, then code product design.",1,1,1,1,0,0,0,1,1,complete_for_current_inventory,1,8,1,0,0,0,0
working_initial_release,39-9011.00,Childcare Workers,CAN-39-9011-01,Provide safe daily care and developmental support for children,US first wave; separately documented foreign calibration rows may exist,English,active_search,0,0,8,0,8,8,application_marketplace|broad_product_source|cloud_marketplace|incumbent_provider_archive|industry_ecosystem|official_exact_product_verification|public_procurement_and_evaluation|web_query_matrix,1,1,not_run,not_run,not_saturated,No comprehensive current-product claim; counts reflect live calibration rows and explicitly labeled provisional staging only.,"Panels not enumerated to end; no independent holdout or recall estimate; no cold challenge; no two consecutive low-yield rounds; long-tail, regional, embedded, marketplace, reseller, and product-lineage candidates remain open; high-salience unresolveds remain.","Enumerate planned panels to their accessible end, resolve high-salience leads, run independent holdout and cold challenge, complete two low-yield rounds, then code product design.",8,8,8,8,0,0,0,8,8,complete_for_current_inventory,12,10,8,3,0,1,0
working_initial_release,39-9031.00,Exercise Trainers and Group Fitness Instructors,CAN-39-9031-01,Design and deliver safe individualized fitness instruction,US first wave; separately documented foreign calibration rows may exist,English,active_search,0,0,7,0,9,8,application_marketplace|broad_product_source|cloud_marketplace|consumer_application_marketplace|incumbent_provider_archive|industry_ecosystem|official_exact_product_verification|web_query_matrix,3,3,not_run,not_run,not_saturated,No comprehensive current-product claim; counts reflect live calibration rows and explicitly labeled provisional staging only.,"Panels not enumerated to end; no independent holdout or recall estimate; no cold challenge; no two consecutive low-yield rounds; long-tail, regional, embedded, marketplace, reseller, and product-lineage candidates remain open; high-salience unresolveds remain.","Enumerate planned panels to their accessible end, resolve high-salience leads, run independent holdout and cold challenge, complete two low-yield rounds, then code product design.",7,7,7,7,0,0,0,7,7,complete_for_current_inventory,10,10,7,0,0,3,0
working_initial_release,41-3021.00,Insurance Sales Agents,CAN-41-3021-01,"Advise on, sell, and service insurance coverage",US first wave; separately documented foreign calibration rows may exist,English,active_search,0,0,43,0,0,0,,3,,not_completed,not_completed,not_saturated,No comprehensive current-product claim; counts reflect live calibration rows and explicitly labeled provisional staging only.,"New high-salience products reset the stopping test; mandatory structured panels, four-family coverage, independent recall estimate, two clean low-yield rounds, and a cold 50-candidate challenge remain incomplete.","Complete structured panels, identity review, design coding, independent holdout, cold challenge, and two clean low-yield rounds.",42,40,43,43,0,0,0,42,42,complete_for_current_inventory,59,7,43,8,4,4,0
working_initial_release,41-4011.00,"Sales Representatives, Wholesale and Manufacturing, Technical and Scientific Products",CAN-41-4011-01,Sell and support technical and scientific products,US first wave; separately documented foreign calibration rows may exist,English,active_search,0,0,27,0,18,5,application_marketplace|broad_product_source|cloud_marketplace|incumbent_provider_archive|web_query_matrix,1,1,not_estimated,not_run,not_saturated,No comprehensive current-product claim; counts reflect live calibration rows and explicitly labeled provisional staging only.,Structured marketplace/exhibitor panels not enumerated to an accessible end; independent holdout and cold-start challenge not completed; unresolved high-salience leads remain.,"Complete panel end-enumeration where accessible, resolve high-salience leads, run independent holdout and cold-start challenge, then assess stopping rules. Then complete independently reviewed product-design coding.",27,27,27,27,0,0,0,27,27,complete_for_current_inventory,29,18,27,0,1,1,0
working_initial_release,43-3031.00,"Bookkeeping, Accounting, and Auditing Clerks",CAN-43-3031-01,Maintain and verify routine financial transaction records,US first wave; separately documented foreign calibration rows may exist,English,active_search,0,0,90,0,0,0,,0,,not_completed,not_completed,not_saturated,No comprehensive current-product claim; counts reflect live calibration rows and explicitly labeled provisional staging only.,No exhaustive marketplace or provider-catalog enumeration; no blinded second-coder holdout with recall estimate; no two consecutive clean low-yield rounds; long-tail and regional variants remain open.,"Complete structured panels, identity review, design coding, independent holdout, cold challenge, and two clean low-yield rounds.",90,87,90,90,0,0,0,90,90,complete_for_current_inventory,90,1,90,0,0,0,0
working_initial_release,43-3071.00,Tellers,CAN-43-3071-01,"Process, safeguard, and reconcile retail banking transactions",US first wave; separately documented foreign calibration rows may exist,English,active_search,0,0,47,0,0,0,,7,,not_completed,not_completed,not_saturated,No comprehensive current-product claim; counts reflect live calibration rows and explicitly labeled provisional staging only.,"New high-salience products reset the stopping test; mandatory structured panels, four-family coverage, independent recall estimate, two clean low-yield rounds, and a cold 50-candidate challenge remain incomplete.","Complete structured panels, identity review, design coding, independent holdout, cold challenge, and two clean low-yield rounds.",47,45,47,47,0,0,0,47,47,complete_for_current_inventory,61,5,47,5,0,9,0
working_initial_release,43-5032.00,"Dispatchers, Except Police, Fire, and Ambulance",CAN-43-5032-01,Dispatch and coordinate field resources and service work,US first wave; separately documented foreign calibration rows may exist,English,active_search,0,0,16,0,18,5,application_marketplace|broad_product_source|cloud_marketplace|incumbent_provider_archive|web_query_matrix,4,4,not_estimated,not_run,not_saturated,No comprehensive current-product claim; counts reflect live calibration rows and explicitly labeled provisional staging only.,Structured marketplace/exhibitor panels not enumerated to an accessible end; independent holdout and cold-start challenge not completed; unresolved high-salience leads remain.,"Complete panel end-enumeration where accessible, resolve high-salience leads, run independent holdout and cold-start challenge, then assess stopping rules. Then complete independently reviewed product-design coding.",16,16,16,16,0,0,0,16,16,complete_for_current_inventory,22,18,16,1,1,4,0
working_initial_release,45-2091.00,Agricultural Equipment Operators,CAN-45-2091-01,Operate agricultural equipment for field production and post-harvest handling,US first wave; separately documented foreign calibration rows may exist,English,active_search,0,0,11,0,17,6,application_marketplace|cloud_marketplace|incumbent_provider_archive|industry_ecosystem|research_and_evaluation_registry|web_query_matrix,3,3,not_estimated,not_run,not_saturated,No comprehensive current-product claim; counts reflect live calibration rows and explicitly labeled provisional staging only.,Structured marketplace/exhibitor panels not enumerated to an accessible end; independent holdout and cold-start challenge not completed; unresolved high-salience leads remain.,"Complete panel end-enumeration where accessible, resolve high-salience leads, run independent holdout and cold-start challenge, then assess stopping rules. Then complete independently reviewed product-design coding.",11,8,11,11,0,0,0,11,11,complete_for_current_inventory,17,17,11,2,1,3,0
working_initial_release,45-4022.00,Logging Equipment Operators,CAN-45-4022-01,"Fell, process, and grade timber with logging equipment",US first wave; separately documented foreign calibration rows may exist,English,active_search,0,0,2,0,15,5,application_marketplace|cloud_marketplace|incumbent_provider_archive|industry_ecosystem|web_query_matrix,2,2,not_estimated,not_run,not_saturated,No comprehensive current-product claim; counts reflect live calibration rows and explicitly labeled provisional staging only.,Structured marketplace/exhibitor panels not enumerated to an accessible end; independent holdout and cold-start challenge not completed; unresolved high-salience leads remain.,"Complete panel end-enumeration where accessible, resolve high-salience leads, run independent holdout and cold-start challenge, then assess stopping rules. Then complete independently reviewed product-design coding.",2,2,2,2,0,0,0,2,2,complete_for_current_inventory,5,15,2,0,1,2,0
working_initial_release,45-4022.00,Logging Equipment Operators,CAN-45-4022-02,"Move, stage, and load timber with logging equipment",US first wave; separately documented foreign calibration rows may exist,English,active_search,0,0,2,0,15,5,application_marketplace|cloud_marketplace|incumbent_provider_archive|industry_ecosystem|web_query_matrix,0,0,not_estimated,not_run,not_saturated,No comprehensive current-product claim; counts reflect live calibration rows and explicitly labeled provisional staging only.,Structured marketplace/exhibitor panels not enumerated to an accessible end; independent holdout and cold-start challenge not completed; unresolved high-salience leads remain.,"Complete panel end-enumeration where accessible, resolve high-salience leads, run independent holdout and cold-start challenge, then assess stopping rules. Then complete independently reviewed product-design coding.",2,2,2,2,0,0,0,2,2,complete_for_current_inventory,3,15,2,0,1,0,0
working_initial_release,47-2073.00,Operating Engineers and Other Construction Equipment Operators,CAN-47-2073-01,Complete site work with heavy construction equipment,US first wave; separately documented foreign calibration rows may exist,English,active_search,0,0,3,0,15,6,application_marketplace|cloud_marketplace|incumbent_provider_archive|industry_awards|industry_ecosystem|web_query_matrix,0,0,not_estimated,not_run,not_saturated,No comprehensive current-product claim; counts reflect live calibration rows and explicitly labeled provisional staging only.,Structured marketplace/exhibitor panels not enumerated to an accessible end; independent holdout and cold-start challenge not completed; unresolved high-salience leads remain.,"Complete panel end-enumeration where accessible, resolve high-salience leads, run independent holdout and cold-start challenge, then assess stopping rules. Then complete independently reviewed product-design coding.",3,2,3,3,0,0,0,3,3,complete_for_current_inventory,4,15,3,0,1,0,0
working_initial_release,47-2152.00,"Plumbers, Pipefitters, and Steamfitters",CAN-47-2152-01,"Install, test, and restore piping and plumbing systems",US first wave; separately documented foreign calibration rows may exist,English,active_search,0,0,6,0,15,5,application_marketplace|cloud_marketplace|incumbent_provider_archive|industry_ecosystem|web_query_matrix,1,1,not_estimated,not_run,not_saturated,No comprehensive current-product claim; counts reflect live calibration rows and explicitly labeled provisional staging only.,Structured marketplace/exhibitor panels not enumerated to an accessible end; independent holdout and cold-start challenge not completed; unresolved high-salience leads remain.,"Complete panel end-enumeration where accessible, resolve high-salience leads, run independent holdout and cold-start challenge, then assess stopping rules. Then complete independently reviewed product-design coding.",6,5,6,6,0,0,0,6,6,complete_for_current_inventory,8,15,6,0,1,1,0
working_initial_release,49-2093.00,"Electrical and Electronics Installers and Repairers, Transportation Equipment",CAN-49-2093-01,"Install, diagnose, and repair transportation electrical and electronic systems",US first wave; separately documented foreign calibration rows may exist,English,active_search,0,0,2,0,16,6,application_marketplace|cloud_marketplace|incumbent_provider_archive|industry_ecosystem|research_and_evaluation_registry|web_query_matrix,2,2,not_estimated,not_run,not_saturated,No comprehensive current-product claim; counts reflect live calibration rows and explicitly labeled provisional staging only.,Structured marketplace/exhibitor panels not enumerated to an accessible end; independent holdout and cold-start challenge not completed; unresolved high-salience leads remain.,"Complete panel end-enumeration where accessible, resolve high-salience leads, run independent holdout and cold-start challenge, then assess stopping rules. Then complete independently reviewed product-design coding.",2,2,2,2,0,0,0,2,2,complete_for_current_inventory,7,16,2,2,1,2,0
working_initial_release,49-9021.00,"Heating, Air Conditioning, and Refrigeration Mechanics and Installers",CAN-49-9021-01,"Install, commission, maintain, and repair HVAC and refrigeration systems",US first wave; separately documented foreign calibration rows may exist,English,active_search,0,0,7,0,15,5,application_marketplace|cloud_marketplace|incumbent_provider_archive|industry_ecosystem|web_query_matrix,2,2,not_estimated,not_run,not_saturated,No comprehensive current-product claim; counts reflect live calibration rows and explicitly labeled provisional staging only.,Structured marketplace/exhibitor panels not enumerated to an accessible end; independent holdout and cold-start challenge not completed; unresolved high-salience leads remain.,"Complete panel end-enumeration where accessible, resolve high-salience leads, run independent holdout and cold-start challenge, then assess stopping rules. Then complete independently reviewed product-design coding.",7,6,7,7,0,0,0,7,7,complete_for_current_inventory,10,15,7,0,1,2,0
working_initial_release,49-9041.00,Industrial Machinery Mechanics,CAN-49-9041-01,Restore and sustain industrial machinery operation,US first wave; separately documented foreign calibration rows may exist,English,active_search,0,0,7,0,15,6,application_marketplace|cloud_marketplace|incumbent_provider_archive|industry_ecosystem|industry_program|web_query_matrix,1,1,not_estimated,not_run,not_saturated,No comprehensive current-product claim; counts reflect live calibration rows and explicitly labeled provisional staging only.,Structured marketplace/exhibitor panels not enumerated to an accessible end; independent holdout and cold-start challenge not completed; unresolved high-salience leads remain.,"Complete panel end-enumeration where accessible, resolve high-salience leads, run independent holdout and cold-start challenge, then assess stopping rules. Then complete independently reviewed product-design coding.",7,7,7,7,0,0,0,7,7,complete_for_current_inventory,10,15,7,1,1,1,0
working_initial_release,51-4121.00,"Welders, Cutters, Solderers, and Brazers",CAN-51-4121-01,"Join, cut, and repair conforming metal work",US first wave; separately documented foreign calibration rows may exist,English,active_search,0,0,3,0,15,6,application_marketplace|cloud_marketplace|incumbent_provider_archive|industry_ecosystem|industry_program|web_query_matrix,3,3,not_estimated,not_run,not_saturated,No comprehensive current-product claim; counts reflect live calibration rows and explicitly labeled provisional staging only.,Structured marketplace/exhibitor panels not enumerated to an accessible end; independent holdout and cold-start challenge not completed; unresolved high-salience leads remain.,"Complete panel end-enumeration where accessible, resolve high-salience leads, run independent holdout and cold-start challenge, then assess stopping rules. Then complete independently reviewed product-design coding.",3,3,3,3,0,0,0,3,3,complete_for_current_inventory,7,15,3,0,1,3,0
working_initial_release,51-9061.00,"Inspectors, Testers, Sorters, Samplers, and Weighers",CAN-51-9061-01,Inspect and determine disposition of materials and products,US first wave; separately documented foreign calibration rows may exist,English,active_search,0,0,7,0,17,6,application_marketplace|cloud_marketplace|incumbent_provider_archive|industry_ecosystem|industry_program|web_query_matrix,1,1,not_estimated,not_run,not_saturated,No comprehensive current-product claim; counts reflect live calibration rows and explicitly labeled provisional staging only.,Structured marketplace/exhibitor panels not enumerated to an accessible end; independent holdout and cold-start challenge not completed; unresolved high-salience leads remain.,"Complete panel end-enumeration where accessible, resolve high-salience leads, run independent holdout and cold-start challenge, then assess stopping rules. Then complete independently reviewed product-design coding.",7,7,7,7,0,0,0,7,7,complete_for_current_inventory,10,17,7,1,1,1,0
working_initial_release,53-2011.00,"Airline Pilots, Copilots, and Flight Engineers",CAN-53-2011-01,Command and complete airline flight operations,US first wave; separately documented foreign calibration rows may exist,English,active_search,0,0,3,0,16,6,application_marketplace|cloud_marketplace|incumbent_provider_archive|industry_ecosystem|public_regulatory_and_evaluation|web_query_matrix,3,3,not_estimated,not_run,not_saturated,No comprehensive current-product claim; counts reflect live calibration rows and explicitly labeled provisional staging only.,Structured marketplace/exhibitor panels not enumerated to an accessible end; independent holdout and cold-start challenge not completed; unresolved high-salience leads remain.,"Complete panel end-enumeration where accessible, resolve high-salience leads, run independent holdout and cold-start challenge, then assess stopping rules. Then complete independently reviewed product-design coding.",3,3,3,3,0,0,0,3,3,complete_for_current_inventory,8,16,3,1,1,3,0
working_initial_release,53-2011.00,"Airline Pilots, Copilots, and Flight Engineers",CAN-53-2011-02,Train and evaluate airline pilots,US first wave; separately documented foreign calibration rows may exist,English,active_search,0,0,1,0,16,6,application_marketplace|cloud_marketplace|incumbent_provider_archive|industry_ecosystem|public_regulatory_and_evaluation|web_query_matrix,1,1,not_estimated,not_run,not_saturated,No comprehensive current-product claim; counts reflect live calibration rows and explicitly labeled provisional staging only.,Structured marketplace/exhibitor panels not enumerated to an accessible end; independent holdout and cold-start challenge not completed; unresolved high-salience leads remain.,"Complete panel end-enumeration where accessible, resolve high-salience leads, run independent holdout and cold-start challenge, then assess stopping rules. Then complete independently reviewed product-design coding.",1,1,1,1,0,0,0,1,1,complete_for_current_inventory,3,16,1,0,1,1,0
working_initial_release,53-3052.00,"Bus Drivers, Transit and Intercity",CAN-53-3052-01,Transport and serve passengers by bus,US first wave; separately documented foreign calibration rows may exist,English,active_search,0,0,6,0,16,6,application_marketplace|cloud_marketplace|incumbent_provider_archive|industry_ecosystem|public_procurement_and_deployment|web_query_matrix,3,3,not_estimated,not_run,not_saturated,No comprehensive current-product claim; counts reflect live calibration rows and explicitly labeled provisional staging only.,Structured marketplace/exhibitor panels not enumerated to an accessible end; independent holdout and cold-start challenge not completed; unresolved high-salience leads remain.,"Complete panel end-enumeration where accessible, resolve high-salience leads, run independent holdout and cold-start challenge, then assess stopping rules. Then complete independently reviewed product-design coding.",6,6,6,6,0,0,0,6,6,complete_for_current_inventory,10,16,6,0,1,3,0
